"Time (s)","Linear Acceleration x (m/s^2)","Linear Acceleration y (m/s^2)","Linear Acceleration z (m/s^2)"
1.254145350E-1,-1.656496525E-2,-4.207468033E-1,1.060625553E0
1.443120350E-1,7.421705723E-1,-2.876954079E-1,6.442832947E-1
1.632094830E-1,1.350157738E0,5.589766502E-1,5.333280563E-2
1.821069830E-1,5.543818474E-1,7.352690697E-1,-5.268588066E-1
2.010044310E-1,-7.748717070E-1,-2.890725136E-1,-5.631756783E-1
2.199019310E-1,-3.048797846E-1,-1.155463696E0,-1.428065300E-1
2.387994310E-1,5.509852171E-1,-1.510859013E0,-5.754823685E-1
2.576968790E-1,2.000350714E0,-7.723803520E-1,-9.967207909E-1
2.765943790E-1,2.946980715E0,-1.626944542E-1,-7.771339417E-1
2.954918270E-1,2.044782162E0,7.192373276E-2,-3.942074776E-1
3.143893270E-1,1.423354983E0,6.328096390E-1,-6.623544693E-1
3.332868270E-1,9.021983147E-1,5.278143883E-1,-1.669746399E0
3.521843270E-1,3.456664085E-2,-1.686673164E-1,-2.801446915E0
3.710817750E-1,1.782408953E-1,7.019228935E-1,-1.059918404E-1
3.899792750E-1,6.702840328E-1,9.352674484E-1,4.670324326E-1
4.088767750E-1,7.215484381E-1,7.159729004E-1,7.173104286E-1
4.277742750E-1,2.708064318E-1,2.179813385E-1,1.974475861E0
4.466717230E-1,1.373817921E-1,-4.994277954E-1,1.291633606E0
4.655692230E-1,2.585096359E-1,-1.403312683E0,-4.058513641E-1
4.844667230E-1,1.669083357E0,-2.130368710E0,-2.482673645E0
5.033642230E-1,3.420184612E0,-2.707418203E0,-5.186272621E0
5.222617230E-1,1.673050404E0,-4.946195602E0,-6.691128731E0
5.411591710E-1,-5.036740303E-1,-7.415276527E0,-2.844388723E0
5.600566710E-1,-2.421224117E-1,-8.030370712E0,3.842782974E-2
5.789541710E-1,1.747120619E0,-7.058373451E0,-2.054186821E0
5.978516710E-1,2.542465687E0,-7.179143906E0,-6.719504356E0
6.167491710E-1,-1.183881760E-1,-8.565703392E0,-8.105224609E0
6.356466710E-1,-3.149013042E0,-8.469760895E0,-3.879626036E0
6.545441710E-1,-3.621962547E0,-8.035735130E0,-8.657252789E-1
6.734416190E-1,-1.271606445E0,-7.983699322E0,-1.578304768E-1
6.923391190E-1,4.214905739E0,-8.476232529E0,3.075887442E0
7.112366190E-1,1.065429878E1,-6.171326637E0,1.144405937E1
7.301341190E-1,1.083501816E1,-1.642705441E0,1.585755920E1
7.490316190E-1,4.023122311E0,-1.110433817E0,1.215107727E1
7.679291190E-1,-6.085581779E-1,-2.038311958E0,6.916604996E0
7.868266190E-1,2.497517586E0,-1.923842669E0,5.540650368E0
8.057241190E-1,8.447427750E0,-4.968895912E-1,9.170659065E0
8.246216190E-1,1.219269276E1,1.617251039E0,1.634197235E1
8.435191190E-1,1.265717220E1,3.160637856E0,1.453725147E1
8.624166190E-1,1.234715652E1,3.368468523E0,9.681069374E0
8.813141190E-1,1.262934494E1,2.558657169E0,5.494218826E0
9.002116190E-1,1.372606754E1,3.330004215E0,2.836242437E0
9.191091190E-1,1.265070057E1,4.475704670E0,2.155577421E0
9.380066190E-1,1.009552002E1,5.157961369E0,1.857320547E0
9.569041190E-1,8.244546890E0,6.873498440E0,1.591684103E0
9.758016190E-1,3.432576180E0,5.556986332E0,-2.016050816E-1
9.946991190E-1,-7.652201653E-1,3.341598988E0,-5.848268509E0
1.013596566E0,-2.706667900E0,4.843656540E0,-2.052691650E1
1.032494119E0,-1.138700008E0,3.780432463E0,-8.719328880E0
1.051391619E0,-4.649925232E-1,2.083709478E0,8.026955128E-1
1.070288806E0,6.735219955E-1,1.806762457E0,-7.149105072E-1
1.089186619E0,-3.741321564E-1,5.591692924E-1,-1.881614447E0
1.108084119E0,1.119623184E-1,4.360446930E-1,1.227002144E-1
1.126981619E0,6.014099121E-1,1.402420759E0,5.628468990E-1
1.145879119E0,2.017879486E-1,1.131628275E0,-9.682726860E-2
1.164776619E0,1.896600723E-1,-4.575819969E-1,-1.690087438E0
1.183674119E0,7.761287689E-2,-3.619208813E0,-7.413399220E-2
1.202571619E0,8.571519852E-1,-5.445780754E0,1.968844533E0
1.221469119E0,-6.270904541E-1,-7.165680408E0,2.814365387E0
1.240366619E0,9.958543777E-1,-5.267403126E0,-4.215099812E-1
1.259264119E0,4.324853897E0,-2.080390930E0,-3.860325336E0
1.278161619E0,7.249491692E0,2.695274353E-2,-2.025524378E0
1.297059119E0,1.532077789E0,-2.452428341E0,-4.509167671E-1
1.315956619E0,-3.295514107E0,-2.814956665E0,1.693431735E0
1.334854119E0,-5.512742996E0,-1.206226349E-1,-5.655305386E0
1.353751619E0,-2.960856915E0,3.237509727E0,4.608511925E-1
1.372649119E0,-4.309940338E-1,5.573271751E0,-2.635130405E0
1.391546671E0,-2.505865097E0,5.251303673E0,-3.519716263E0
1.410444119E0,-4.118774891E0,3.626052380E0,-2.273324251E0
1.429341671E0,-3.060162067E0,3.536015272E0,-2.652968645E0
1.448239171E0,-8.728475571E-1,3.875916004E0,-2.984707117E0
1.467136671E0,1.243285179E0,4.037407398E0,4.129989445E-1
1.486034171E0,7.750091553E-1,2.410556316E0,1.488786221E0
1.504931671E0,3.891239166E-1,9.400287867E-1,8.982716799E-1
1.523829171E0,2.855029106E0,3.098375797E-1,7.963424921E-1
1.542726671E0,5.699134827E0,7.664712667E-1,4.231745243E0
1.561624171E0,3.778794289E0,-1.950173378E-1,5.155537605E0
1.580521671E0,-3.308897495E0,-3.129703999E0,8.034232140E0
1.599419171E0,-9.415803909E0,-7.326925278E0,9.257144928E0
1.618316671E0,-6.944950581E0,-8.208602905E0,6.629955769E0
1.637214171E0,-2.418682575E0,-8.276558876E0,-1.356225491E0
1.656111723E0,1.000319004E1,-4.796056747E0,-4.761223793E0
1.675009223E0,1.498618126E1,-6.277905464E0,6.516246796E0
1.693906723E0,6.820939064E0,-5.800663948E0,-3.861790895E0
1.712804223E0,-6.178743839E0,-4.233942986E0,-1.218884659E1
1.731701723E0,-5.074694633E0,-5.521695614E-1,-4.027094841E0
1.750599223E0,-2.845348358E0,1.321355581E0,-2.648932695E0
1.769496723E0,-4.974258423E0,2.355136871E-1,-2.539414465E-1
1.788394223E0,-5.501801968E0,6.952633858E-1,-5.050164223E0
1.807291723E0,-4.447579384E0,5.344445229E0,-3.912240267E0
1.826189223E0,-6.227070808E0,3.484102488E0,2.788520098E0
1.845086723E0,-5.514378548E0,2.138479233E0,-6.797883511E-1
1.863984223E0,-2.947966099E0,2.826578379E0,-5.432768345E0
1.882881723E0,-8.497524261E-1,2.319294930E0,-3.372562885E0
1.901779275E0,4.181505203E0,1.782695293E0,-1.364608169E0
1.920676775E0,5.511631489E0,1.505882263E0,6.263569832E0
1.939574275E0,2.790575981E0,5.102972984E-1,5.530667305E-2
1.958471775E0,-3.767392635E0,-1.552887917E0,-3.701134443E0
1.977369275E0,7.156433582E0,-3.995483875E0,1.995657444E0
1.996266775E0,6.893110752E0,-1.345212746E1,-2.274728060E0
2.015164275E0,3.696120262E0,-1.451014328E1,-2.597000837E0
2.034061775E0,2.821563244E0,-1.001134491E1,-4.054846287E0
2.052959275E0,-7.208995819E-1,-6.678672314E0,-1.524440050E0
2.071856775E0,-2.670867682E0,-2.315207481E0,1.561048031E0
2.090754275E0,-3.551887751E0,3.553752422E0,-3.863365650E-1
2.109651827E0,-4.191767693E0,7.158312321E0,-4.688870907E-1
2.128549327E0,-4.913181782E0,8.426844597E0,7.089093208E0
2.147446827E0,-3.861125946E0,5.072730064E0,7.840874672E0
2.166344327E0,7.400898933E0,-2.674459934E0,-9.937262535E-1
2.185241827E0,6.059847832E0,-7.212547302E0,4.227128506E0
2.204139327E0,2.388581276E0,-1.533413887E0,6.257508278E0
2.223036827E0,2.939179897E0,6.658751011E0,5.480626106E0
2.241934014E0,5.525405407E-1,9.976979256E0,6.581707954E0
2.260831879E0,-3.792329788E0,5.944001675E0,5.912245750E0
2.279729379E0,-3.706159115E0,-2.399193764E0,-8.714338303E0
2.298626879E0,-2.711434841E0,-1.215196323E1,-2.211619186E1
2.317524379E0,-8.573740005E0,-1.152662468E1,-1.898494720E0
2.336421879E0,-9.878923416E0,-4.883999825E0,8.896417618E0
2.355319379E0,-2.564872742E0,-2.132644653E-1,1.347852325E1
2.374216931E0,2.267434597E-1,-1.347761154E0,1.242969513E1
2.393114431E0,2.465754271E0,-4.389817238E0,9.373661995E0
2.412011931E0,7.690455437E0,-5.460909843E0,7.151035309E0
2.430909431E0,5.712176323E0,-2.184215546E0,3.549206495E0
2.449806931E0,1.391364217E0,-8.811740875E-1,4.026411057E0
2.468704431E0,-1.371561646E0,-1.998651505E0,4.675502300E0
2.487601931E0,-3.133935928E0,-2.303160667E0,3.557051659E0
2.506499483E0,-4.543808937E0,-2.643811226E0,5.011398792E-1
2.525396983E0,-3.937007666E0,-1.360066414E0,-1.095058060E1
2.544294483E0,-2.742312908E0,1.278383255E0,-1.636690903E1
2.563191983E0,1.538374901E0,1.717804909E0,-5.999225140E0
2.582089483E0,3.507523537E0,2.397418022E0,-1.523918867E0
2.600986983E0,3.517715931E0,2.491951942E0,-8.391685486E-1
2.619884535E0,2.681359768E0,2.141178608E0,-1.176536918E0
2.638782035E0,2.282093048E0,1.617539406E0,-2.826609612E0
2.657679535E0,2.756295919E0,6.233377457E-1,-3.717949867E0
2.676577035E0,3.678715229E0,9.554767609E-1,-6.582239628E0
2.695474535E0,1.568220019E0,-4.373455048E-2,-1.008797455E1
2.714372035E0,-1.110397339E0,-5.556602478E-1,-4.539401054E0
2.733269587E0,-1.505777359E0,-5.601177216E-1,-2.767755508E0
2.752167087E0,2.521109104E0,-5.808677673E-1,-5.215023994E0
2.771064587E0,6.035896301E0,-1.459658623E0,-4.127418041E0
2.789962087E0,3.752640963E0,-2.459920883E0,2.624944448E-1
2.808859587E0,-5.983169079E-1,-3.324270248E0,1.085255861E0
2.827757087E0,-2.538020372E0,-3.810324669E0,-4.982534885E0
2.846654639E0,-1.746705651E0,-6.861872673E0,-7.934261322E0
2.865552139E0,-9.791498184E-1,-9.591193199E0,1.493002534E0
2.884449639E0,3.553118706E-1,-1.136471081E1,6.074633598E0
2.903347139E0,1.208152294E0,-9.925457954E0,6.063835144E0
2.922244639E0,1.173018217E0,-4.352925301E0,4.077110291E0
2.941142139E0,1.718598127E0,-6.419248581E-1,9.275550842E-1
2.960039691E0,1.540928125E0,-7.451887131E-1,-7.595314980E-1
2.978937191E0,-5.513238907E-2,-1.596606255E0,3.442854643E0
2.997834691E0,4.773499966E-1,-2.904510498E-2,6.103350163E0
3.016732191E0,2.921291828E0,2.143718243E0,6.932177544E0
3.035629691E0,3.540390968E0,3.575407505E0,7.461854935E0
3.054527244E0,2.371366262E0,5.194864273E0,7.969348907E0
3.073424744E0,-9.884654284E-1,7.060350895E0,8.360925674E0
3.092322244E0,-3.092142582E0,9.487619400E0,6.610769272E0
3.111219744E0,-5.149569035E0,1.040012741E1,4.808956146E0
3.130117244E0,-7.206278801E0,8.313660622E0,3.115072250E0
3.149014744E0,-7.248270512E0,4.502529621E0,-7.172615528E-1
3.167912296E0,-1.847267985E0,-1.784642220E0,-2.476655388E1
3.186809796E0,-5.334133148E0,-1.908362579E1,-8.417942047E0
3.205707296E0,-1.542539024E1,-1.789398193E1,1.619148064E1
3.224604796E0,-3.390765429E0,-3.250217438E0,9.464345932E0
3.243502296E0,5.562010765E0,2.093496323E0,8.958435059E0
3.262399796E0,1.809178925E1,-3.775303841E0,6.898749352E0
3.281297348E0,1.284976768E1,-7.239689827E0,8.780838013E0
3.300194848E0,5.783452988E0,-4.533920288E0,8.556192398E0
3.319092348E0,3.021561623E0,-2.619799614E0,6.321908474E0
3.337989848E0,1.834882736E0,-2.122626305E0,3.518921614E0
3.356887348E0,4.679989815E-1,-2.916833878E0,-2.711853683E-1
3.375784900E0,-5.646517277E-1,-4.076594353E0,-7.266200066E0
3.394682400E0,-5.470800400E-1,-1.823637009E0,-1.843191528E1
3.413579900E0,-2.345620155E0,1.500013351E0,-1.184263992E1
3.432477400E0,-2.400907516E0,3.717840672E0,-3.629327536E0
3.451374900E0,-1.579524755E0,4.939237595E0,-6.597986221E-1
3.470272400E0,-3.724722862E-1,5.273110390E0,-2.481356859E-1
3.489169587E0,-6.818056107E-3,5.470973492E0,-8.130129576E-1
3.508067452E0,8.853864670E-1,5.647291183E0,-3.782017708E0
3.526964952E0,2.319918633E0,5.961119175E0,-5.914456844E0
3.545862452E0,3.601070404E0,4.980229378E0,-6.401608467E0
3.564759952E0,2.831367016E0,2.333563328E0,-5.488771915E0
3.583657452E0,8.546967506E-1,-2.996282578E-1,-3.680707216E0
3.602555004E0,3.033954620E0,-2.101806641E0,-4.811097622E0
3.621452504E0,5.249247551E0,-5.606429100E0,1.698292494E-1
3.640350004E0,1.347009659E0,-8.073381424E0,4.335400581E0
3.659247504E0,-9.424567223E-1,-1.106112766E1,-2.227016926E0
3.678145004E0,-8.304171562E-1,-1.179585266E1,-5.926349640E0
3.697042556E0,2.049970627E-2,-1.020197010E1,8.272210360E-1
3.715940056E0,1.328557014E0,-9.239200592E0,1.960703015E0
3.734837556E0,8.369512558E-1,-9.010927200E0,1.615849972E0
3.753735056E0,-7.426247597E-1,-6.477076530E0,1.922617793E0
3.772632556E0,-1.791767597E0,-2.566001892E0,3.088849545E0
3.791530108E0,-9.852938652E-1,-6.041803360E-1,3.825938940E0
3.810427608E0,-6.769914627E-1,1.450717926E0,4.651672363E0
3.829325108E0,1.229897499E0,2.363672256E0,3.746500731E0
3.848222608E0,1.697987556E0,2.030727386E0,3.664302588E0
3.867120108E0,1.742483616E0,3.513561249E0,7.040643692E0
3.886017608E0,8.810276985E-1,5.083284855E0,9.905199051E0
3.904915160E0,-1.515860558E0,5.724595070E0,9.974399567E0
3.923812660E0,-4.187015057E0,5.578493595E0,9.153179169E0
3.942710160E0,-6.177140236E0,5.608372688E0,7.171686172E0
3.961607660E0,-6.202753067E0,6.364564419E0,4.475124836E0
3.980505212E0,-5.747434616E0,5.826556206E0,4.288481236E0
3.999402712E0,-1.695543051E0,3.373613834E0,-3.619358063E0
4.018300212E0,3.259039402E0,-4.534801960E0,-1.701642799E1
4.037197712E0,-3.162362576E0,-1.044684696E1,-1.351204109E1
4.056095212E0,-9.033904076E-1,-2.355484962E0,-7.016164780E0
4.074992712E0,2.423622608E0,2.381883621E0,-3.019116402E0
4.093890264E0,1.130375481E1,-6.711005211E0,-7.516394615E0
4.112787764E0,2.894346714E0,-1.521484852E1,1.143634987E1
4.131685264E0,-1.871800900E0,-2.217128754E0,1.000648022E1
4.150582764E0,-5.761261463E0,3.585782051E0,2.350511789E0
4.169480316E0,-7.638944149E0,2.746147633E0,6.503413200E0
4.188377816E0,-7.566277504E0,-1.072407722E0,9.876008987E0
4.207275316E0,-4.963881969E0,-3.994728088E0,8.994194984E0
4.226172816E0,1.921664715E0,-5.039088249E0,3.917705536E0
4.245070369E0,1.233096886E1,-4.734122276E0,1.382210732E0
4.263967869E0,1.094588852E1,-3.207660675E0,7.499116898E0
4.282865369E0,2.057802200E0,-2.715921402E-1,5.655275822E0
4.301762869E0,-3.421187878E0,1.903041840E0,7.340476513E0
4.320660421E0,-2.135554314E0,3.010159016E0,-1.228247547E1
4.339557921E0,2.542835712E0,2.784447670E0,-1.238696766E1
4.358455421E0,8.924350739E-1,3.153460979E0,-7.056898117E0
4.377352921E0,-9.675774574E-1,2.777092457E0,-1.670648336E0
4.396250473E0,-7.281441689E-1,1.229961872E0,1.005454898E0
4.415147973E0,3.838090897E-1,3.127059937E-1,5.567237139E-1
4.434045473E0,1.993756771E0,3.050155640E-1,-2.844636440E0
4.452942973E0,2.993817329E0,6.025252342E-1,-4.909678459E0
4.471840525E0,1.997808456E0,8.740367889E-1,-4.404873371E0
4.490738025E0,1.724609375E0,1.690354824E0,-3.996031523E0
4.509635525E0,3.245381355E0,1.319653511E0,-2.266035080E0
4.528533025E0,3.086717129E0,3.912706375E-1,2.156827450E0
4.547430577E0,2.094566345E0,6.353302002E-1,1.947339773E0
4.566328077E0,3.279463768E0,1.754244804E0,-4.248694897E0
4.585225577E0,6.936848164E0,6.954231262E-1,-6.366277695E0
4.604123077E0,9.181661606E0,-6.070394516E-1,-4.482792854E0
4.623020629E0,6.246275902E0,-9.488468170E-1,-1.745312810E-1
4.641918129E0,1.130640984E0,-2.758276939E0,2.015174389E0
4.660815629E0,-2.324005604E0,-4.989928246E0,-4.834541798E0
4.679713129E0,-3.634908438E0,-7.231528282E0,-5.199920654E0
4.698610681E0,-2.033834934E0,-7.468051434E0,2.114425421E0
4.717508181E0,1.450624466E-1,-6.976779938E0,2.637510538E0
4.736405681E0,1.787024975E0,-5.502604008E0,6.291697025E-1
4.755303233E0,2.326984882E0,-2.130568981E0,1.770562887E0
4.774200733E0,1.056392193E0,-9.281635284E-3,4.717237473E0
4.793098233E0,-7.541885376E-1,1.160148144E0,5.658791542E0
4.811995733E0,-1.288610935E0,2.552610397E0,6.702810764E0
4.830893285E0,-3.151783943E-1,3.185687304E0,6.237639427E0
4.849790785E0,1.060677052E0,2.807109356E0,3.732306004E0
4.868688285E0,2.915382385E-3,1.722238541E0,5.714950562E0
4.887585785E0,-1.916055202E0,9.313344955E-1,8.141456604E0
4.906483337E0,-3.768084288E0,2.574324608E-1,7.458727837E0
4.925380837E0,-5.402188778E0,2.897891998E-1,6.632533073E0
4.944278337E0,-6.528784275E0,1.137299061E0,4.983652592E0
4.963175837E0,-6.619987965E0,1.696373463E0,2.384630203E0
4.982073389E0,-5.591307640E0,1.955276489E0,-2.869825363E-1
5.000970889E0,-4.336515427E0,1.663906574E0,-1.973114014E0
5.019868389E0,-1.059331417E0,-1.035568237E0,-6.055945396E0
5.038765889E0,9.929900169E-1,-5.600845337E0,-1.134461021E1
5.057663441E0,1.238384724E0,-3.945740700E0,-1.111910534E1
5.076560941E0,3.350808620E0,2.739572525E-2,-7.205438137E0
5.095458441E0,9.654222488E0,-5.407668591E0,-6.165684700E0
5.114355941E0,9.700804710E0,-2.208145142E1,2.710548878E0
5.133253494E0,2.291553020E0,-7.224309444E0,4.628685474E0
5.152150994E0,-7.213558197E0,2.466638088E0,6.669670105E0
5.171048494E0,-9.864533424E0,6.141923904E0,3.242038250E0
5.189946046E0,-1.080736351E1,5.417618752E0,7.553863525E0
5.208843546E0,-9.330778122E0,2.022059441E0,8.614083290E0
5.227741046E0,-6.816603184E0,-1.000820160E0,8.626318932E0
5.246638546E0,-3.429724455E0,-4.551297188E0,5.796748161E0
5.265536098E0,2.967070103E0,-5.526220322E0,-1.531092405E0
5.284433598E0,1.147823143E1,-3.080365181E0,1.559346795E0
5.303331098E0,7.302078247E0,4.300847054E-1,7.397853374E0
5.322228650E0,-4.998083115E-1,2.583864689E0,8.960014343E0
5.341126150E0,-1.410311699E0,2.126130581E0,2.756694078E0
5.360023650E0,4.613981724E0,2.714503765E0,-1.052719498E1
5.378921150E0,5.782945633E0,2.361814022E0,-1.366815662E1
5.397818702E0,1.887481689E0,1.124636173E0,-7.715129852E0
5.416716202E0,3.569126129E-2,-9.238123894E-1,-1.659679294E0
5.435613702E0,3.074011803E-1,6.360363960E-1,-1.793573380E0
5.454511254E0,2.262043953E-1,1.482437611E0,-1.775438666E0
5.473408754E0,4.475650787E-1,1.201403141E0,-1.075962067E0
5.492306254E0,7.262182236E-1,5.191698074E-1,-7.437498569E-1
5.511203806E0,1.253651142E0,-2.055068016E-1,-2.001807928E0
5.530101306E0,2.105680466E0,-1.446814537E-1,-3.535431862E0
5.548998806E0,2.957172871E0,3.635706902E-1,-3.274981022E0
5.567896306E0,3.173223972E0,1.040040493E0,-3.333684444E0
5.586793858E0,3.109777927E0,1.275946617E0,-3.501227140E0
5.605691358E0,3.231348515E0,4.340090752E-1,-3.220590591E0
5.624588858E0,5.319688797E0,-3.219070435E-1,-3.297271013E0
5.643486410E0,4.646266937E0,-1.697992325E0,-1.485270858E0
5.662383910E0,1.876767159E0,-3.195903778E0,-3.086317301E0
5.681281410E0,-5.176663399E-1,-4.541377544E0,-1.111468315E1
5.700178962E0,-4.680134773E0,-6.679003239E0,-5.832727909E0
5.719076462E0,-3.143459320E0,-7.483523369E0,3.619422913E0
5.737973962E0,2.686529160E-1,-8.253170967E0,4.028511524E0
5.756871514E0,5.270824432E-1,-9.722996712E0,2.267894030E0
5.775769014E0,4.608650208E-1,-7.818196774E0,2.910734415E-1
5.794666514E0,6.663680077E-1,-3.503045082E0,2.096916437E0
5.813564066E0,-1.296081543E-1,-1.455153942E0,3.542185545E0
5.832461566E0,-1.494390965E0,-2.511277199E-1,5.109655857E0
5.851359066E0,-1.957648277E0,7.133989334E-1,5.388648033E0
5.870256619E0,-1.310746670E0,1.200678825E0,5.010917664E0
5.889154119E0,-4.715085030E-1,1.779497623E0,5.941684723E0
5.908051671E0,-4.640626907E-1,2.365684032E0,6.814480782E0
5.926949171E0,-2.060282707E0,2.735606909E0,7.500925064E0
5.945846671E0,-3.985715389E0,2.843922377E0,7.936683178E0
5.964744223E0,-5.404963493E0,2.876875401E0,6.065424442E0
5.983641723E0,-6.419760227E0,3.514675379E0,2.388685703E0
6.002539223E0,-6.476118088E0,4.205858231E0,8.728408813E-2
6.021436775E0,-2.907214880E0,3.178897619E0,-2.574069023E0
6.040334275E0,1.638734818E0,-1.640199184E0,-1.197018051E1
6.059231775E0,-3.464984894E-1,-7.854632854E0,-1.152297974E1
6.078129327E0,3.332043171E0,-7.631874561E0,-1.609104729E1
6.097026827E0,3.526362896E0,-1.036394596E1,-4.935550690E-2
6.115924327E0,-2.335533857E0,-6.251093864E0,1.354221344E1
6.134821879E0,-3.051150799E0,1.315953732E0,8.698188782E0
6.153719379E0,-4.527178288E0,1.759398460E0,6.457851410E0
6.172616879E0,-4.997112751E0,-8.308887482E-2,6.381704330E0
6.191514431E0,2.831068039E-1,-2.646569252E0,6.400312424E0
6.210411931E0,1.764646530E1,-3.654450417E0,7.371831894E0
6.229309483E0,9.422342300E0,-1.378946304E-1,7.179583549E0
6.248206983E0,9.865736961E-1,2.330753803E0,6.892668724E0
6.267104535E0,-1.336956024E-1,2.305494308E0,5.676301956E0
6.286002035E0,-8.338823318E-1,1.492812157E0,2.293587446E0
6.304899535E0,-1.557279110E0,-1.906261444E-1,-7.534800053E0
6.323797087E0,-1.101545334E0,-4.934816360E-1,-1.545036888E1
6.342694587E0,-4.790019989E-2,6.904983521E-2,-8.141976357E0
6.361592087E0,-4.231743813E-1,1.195568562E0,-2.579992771E0
6.380489639E0,-2.084326744E-1,1.837160587E0,3.448210359E-1
6.399387139E0,9.316444397E-1,2.411799908E0,1.147123933E0
6.418284691E0,1.741539001E0,1.739144325E0,3.731467724E-1
6.437182191E0,2.288465977E0,2.332754135E-1,-1.070662498E0
6.456079691E0,2.989459991E0,-1.625061035E-1,-1.874097228E0
6.474977244E0,2.978475094E0,3.193440437E-1,-2.562142849E0
6.493874744E0,3.186231613E0,1.312849998E0,-3.683224678E0
6.512772244E0,2.559917927E0,1.784591675E-1,-5.012479782E0
6.531669796E0,1.599611759E0,-8.284139633E-1,-5.001952171E0
6.550567296E0,2.039730072E0,-4.675493240E-1,-4.034633160E0
6.569464848E0,2.822463512E0,9.993734360E-1,-2.508961201E0
6.588362348E0,5.670613289E0,1.729798794E0,-2.906956673E0
6.607259848E0,8.801895142E0,1.145683765E0,-2.699425220E0
6.626157400E0,7.019334316E0,2.356057167E-1,-6.057220697E-2
6.645054900E0,2.330335617E0,-2.081178665E0,-2.077619284E-1
6.663952452E0,-1.185926437E0,-3.631297112E0,-4.016991138E0
6.682849952E0,-2.344488621E0,-5.229591370E0,-8.656579852E-1
6.701747452E0,3.282566071E-1,-5.944753647E0,3.169039249E0
6.720645004E0,2.084074020E0,-6.624029636E0,3.482800245E0
6.739542504E0,2.195638180E0,-6.226342201E0,2.760551453E0
6.758440056E0,1.951955318E0,-2.747449875E0,2.388311863E0
6.777337556E0,4.545402527E-1,-6.987409592E-1,4.266482830E0
6.796235056E0,-1.481410027E0,6.713547707E-1,6.856652260E0
6.815132608E0,-1.495224953E0,1.420798302E0,7.658468246E0
6.834030108E0,2.583322525E-1,2.163684845E0,4.572031975E0
6.852927660E0,6.838049889E-1,1.705782413E0,4.385917664E0
6.871825160E0,-4.381408691E-1,1.260238171E0,6.376701832E0
6.890722348E0,-1.967542171E0,1.315372467E0,7.823532104E0
6.909620212E0,-4.473940849E0,1.396001816E0,8.111225128E0
6.928517712E0,-6.992145538E0,1.569223881E0,7.737939835E0
6.947415212E0,-7.853744507E0,1.967706203E0,4.980296612E0
6.966312764E0,-7.743198872E0,2.368712425E0,2.023275852E0
6.985210264E0,-5.890417099E0,1.913568497E0,-5.061881542E-1
7.004107816E0,6.074233055E-1,4.802188873E-1,-6.713312149E0
7.023005316E0,4.857662201E0,-4.070688248E0,-9.590806007E0
7.041902816E0,3.524579525E0,-4.777388096E0,-8.393102646E0
7.060800369E0,1.391925812E0,-1.084029198E0,-7.085784912E0
7.079697869E0,1.590489388E0,5.086007118E-1,-7.761941910E0
7.098595369E0,4.324191570E0,-7.198157310E0,-3.585464001E0
7.117492921E0,6.258233070E0,-1.612858963E1,4.143719673E0
7.136390421E0,4.577095509E0,-3.984764576E0,3.235696554E0
7.155287973E0,-3.034395695E0,3.151298046E0,4.967753887E0
7.174185473E0,-5.968813896E0,5.778184414E0,5.002901554E0
7.193083025E0,-7.739905357E0,4.377167702E0,7.173610687E0
7.211980525E0,-7.082122803E0,1.933841705E0,6.894537449E0
7.230878025E0,-4.899236679E0,-7.710886002E-1,5.835118294E0
7.249775577E0,1.535620213E0,-2.918365479E0,2.826739311E0
7.268673077E0,1.078120804E1,-1.982219696E0,5.037827492E0
7.287570629E0,4.731152534E0,-4.581241608E-1,7.239893436E0
7.306468129E0,1.175231934E-1,9.420051575E-1,5.086218357E0
7.325365681E0,-8.480162621E-1,2.028151989E0,4.325834274E0
7.344263181E0,1.942854881E0,3.076625347E0,-9.779414177E0
7.363160681E0,3.201489925E0,1.506434441E0,-1.374104977E1
7.382058233E0,1.021983147E0,1.582717896E-1,-6.363007069E0
7.400955733E0,-4.594583511E-1,-6.428089142E-1,1.722337008E-1
7.419853285E0,-2.962632179E-1,-1.402301788E-1,5.784057379E-1
7.438750785E0,3.158664703E-1,8.807268143E-1,-1.366868496E0
7.457648337E0,8.416681290E-1,8.255982399E-1,-1.121254325E0
7.476545837E0,1.512002945E0,1.034504414E0,1.063310862E0
7.495443337E0,1.348429680E0,6.572685242E-1,1.451098442E0
7.514340889E0,1.846678734E0,3.443140984E-1,-1.462332129E0
7.533238389E0,2.174061298E0,8.694362640E-2,-5.132999420E0
7.552135941E0,2.627954960E0,7.009963989E-1,-4.979610443E0
7.571033441E0,3.410901070E0,1.475533485E0,-2.473170280E0
7.589930994E0,3.646485329E0,1.880447388E0,-1.429572225E0
7.608828494E0,3.581302166E0,2.258828640E0,-2.013788939E0
7.627726046E0,5.948881149E0,2.132396221E0,-3.137019634E0
7.646623546E0,8.705169678E0,1.066669464E0,-2.016468048E0
7.665521046E0,6.029405594E0,-1.488351822E-1,1.763993740E0
7.684418598E0,1.823208332E0,-1.970278740E0,-1.260995984E0
7.703316098E0,-1.472895145E0,-3.855834961E0,-1.019886971E1
7.722213650E0,-4.998217583E0,-6.377625942E0,-5.449800968E0
7.741111150E0,-3.830082178E0,-7.783335686E0,1.614069462E0
7.760008702E0,-9.466190338E-1,-8.777812958E0,2.795429707E0
7.778906202E0,9.421849251E-1,-8.291144371E0,1.739578128E0
7.797803754E0,2.185785294E0,-5.862643719E0,1.659014225E0
7.816701254E0,1.538260937E0,-2.162165642E0,3.825990677E0
7.835598806E0,-1.606402397E-1,4.698843956E-1,5.926903725E0
7.854496306E0,3.951210976E-1,2.366557598E0,6.081641197E0
7.873393806E0,5.025801659E-1,2.913174868E0,5.628656387E0
7.892291358E0,7.958188057E-1,2.792621374E0,5.144283772E0
7.911188858E0,7.810521126E-1,2.024259567E0,5.889661312E0
7.930086410E0,-5.238509178E-1,1.259135723E0,7.595687389E0
7.948983910E0,-2.560605288E0,9.038863182E-1,7.678657532E0
7.967881462E0,-4.597033024E0,5.589380264E-1,6.341698647E0
7.986778962E0,-5.773307800E0,4.602804184E-1,5.444505215E0
8.005676514E0,-6.173432350E0,1.315480709E0,4.438671589E0
8.024574014E0,-6.347901344E0,2.507129669E0,2.405400515E0
8.043471514E0,-5.441317558E0,2.983467817E0,-2.719631195E-1
8.062369066E0,-3.271448374E0,2.350727558E0,-1.954990864E0
8.081266566E0,2.764842987E0,-5.537958145E-1,-5.882324219E0
8.100164119E0,4.969302177E0,-7.058378696E0,-1.289981174E1
8.119061619E0,2.554715633E0,-5.820500851E0,-1.008240795E1
8.137959171E0,1.336247444E0,-5.499644279E-1,-7.371483803E0
8.156856671E0,1.624310493E0,8.790011406E-1,-2.910262585E0
8.175754223E0,4.615205288E0,-6.247783661E0,-1.552078724E-1
8.194651723E0,6.609040737E0,-1.370808792E1,7.448911667E-3
8.213549223E0,3.332195282E-1,-3.066402912E0,2.933743238E0
8.232446775E0,-5.523079395E0,2.751656532E0,4.011606216E0
8.251344275E0,-7.981968880E0,4.858527184E0,4.430418015E0
8.270241827E0,-8.847225189E0,3.275589466E0,8.018109322E0
8.289139379E0,-7.751389027E0,-5.664587021E-2,8.705092430E0
8.308036879E0,-4.204219341E0,-2.751852036E0,7.708827019E0
8.326934379E0,2.419860840E0,-3.919694901E0,2.233269453E0
8.345831931E0,1.084386253E1,-2.002941132E0,3.841389656E0
8.364729431E0,6.684889317E0,-4.537954330E-1,8.517708778E0
8.383626983E0,-9.750313759E-1,4.736413956E-1,6.515442371E0
8.402524483E0,-1.777451992E0,2.371473312E0,4.370370865E0
8.421422035E0,1.405329227E0,3.575182438E0,-1.227650452E1
8.440319535E0,5.201083660E0,2.160553932E0,-1.235484982E1
8.459217087E0,1.542005539E0,8.105769157E-1,-5.831595898E0
8.478114587E0,-5.662522316E-1,-2.379398346E-1,1.492553473E0
8.497012139E0,-6.785235405E-1,2.396578789E-1,1.548281312E0
8.515909639E0,-5.236940384E-1,6.525764465E-1,-1.036854982E0
8.534807139E0,-6.622552872E-2,4.474720955E-1,-3.241345167E0
8.553704691E0,1.405277729E0,5.885391235E-1,-3.859275818E0
8.572602191E0,2.358838558E0,1.640999794E0,-2.077324152E0
8.591499744E0,2.151739120E0,1.502418041E0,-1.251432180E0
8.610397244E0,1.944734573E0,6.240940094E-2,-8.543462753E-1
8.629294796E0,2.265799522E0,-1.115961075E-1,-8.934760094E-1
8.648192296E0,3.084035397E0,6.537799835E-1,-1.497842193E0
8.667089848E0,2.650732517E0,9.549608231E-1,-7.728266716E-1
8.685987348E0,2.543957710E0,1.883209229E0,-9.734473228E-1
8.704884900E0,5.685263634E0,1.308191299E0,-2.888867855E0
8.723782400E0,8.565904617E0,-5.243673325E-1,-1.945459485E0
8.742679900E0,5.909445286E0,-9.560265541E-1,7.435129881E-1
8.761577452E0,1.181731224E0,-2.064062595E0,-8.932809830E-1
8.780474952E0,-1.376290798E0,-2.610071659E0,-7.281466961E0
8.799372504E0,-2.933163404E0,-3.486199856E0,-1.028831100E1
8.818270004E0,-3.424751997E0,-4.396619320E0,-2.933688879E0
8.837167556E0,-9.321098328E-1,-5.243958473E0,1.721078873E0
8.856065056E0,7.849760056E-1,-6.399196625E0,2.992951870E0
8.874962608E0,1.466126919E0,-6.448119164E0,2.680400133E0
8.893860108E0,1.618020535E0,-4.189373016E0,2.734547615E0
8.912757660E0,1.293274403E0,-8.361706734E-1,3.139839888E0
8.931655160E0,6.918931007E-1,8.230867386E-1,3.632558107E0
8.950552712E0,4.782009125E-2,2.009341717E0,5.212032795E0
8.969450212E0,8.811378479E-2,2.382515907E0,5.745560646E0
8.988347764E0,5.786647797E-1,2.338430405E0,6.062247753E0
9.007245264E0,6.215000153E-1,1.289469719E0,5.890200615E0
9.026142816E0,-8.510761261E-1,-1.600174904E-1,6.091651440E0
9.045040316E0,-2.227327347E0,-8.007240295E-1,5.364669800E0
9.063937869E0,-3.805187702E0,-8.110690117E-1,4.843978405E0
9.082835369E0,-5.038348198E0,-2.549672127E-1,4.731308937E0
9.101732921E0,-5.674497604E0,1.104735851E0,4.710907459E0
9.120630421E0,-6.104573250E0,2.266609669E0,3.921884537E0
9.139527973E0,-6.268189907E0,2.731770515E0,1.947716713E0
9.158425473E0,-5.397165298E0,2.351533413E0,-4.214997292E-1
9.177323025E0,-3.307611227E0,1.253842831E0,-2.390297890E0
9.196220525E0,2.380197048E0,-1.234702110E0,-7.486735344E0
9.215118077E0,6.221506119E0,-6.623782158E0,-1.515500069E1
9.234015577E0,5.500144005E0,-6.286988258E0,-1.238170624E1
9.252913077E0,4.277256012E0,1.701836586E-1,-4.666221619E0
9.271810629E0,2.947196007E0,1.027036667E0,1.206628799E0
9.290708181E0,2.038483143E0,-9.358911514E0,-1.907003641E0
9.309605681E0,5.706190109E0,-1.310678673E1,-4.582561970E0
9.328503233E0,-1.668002129E0,-2.888818264E0,4.318892479E0
9.347400733E0,-7.624929905E0,3.059728146E0,6.272728920E0
9.366298285E0,-9.127773285E0,5.632242680E0,5.909647465E0
9.385195785E0,-9.243965149E0,4.705142975E0,9.083997726E0
9.404093337E0,-7.748886108E0,1.255693436E0,8.149159431E0
9.422990837E0,-4.096112251E0,-2.162964821E0,7.690373898E0
9.441888389E0,3.674551487E0,-5.808055878E0,3.053095579E0
9.460785889E0,1.597364044E1,-4.661206245E0,3.914474726E0
9.479683441E0,4.981355190E0,-9.991741180E-1,8.179237366E0
9.498580941E0,-3.028666496E0,1.199723721E0,7.391800880E0
9.517478494E0,-1.429128647E0,3.676666737E0,1.834824681E-1
9.536375994E0,2.745043755E0,4.279606342E0,-1.143224335E1
9.555273546E0,4.833109856E0,1.771853447E0,-1.138350010E1
9.574171046E0,9.294342995E-1,2.477931976E-2,-5.377631187E0
9.593068598E0,-4.822134972E-1,-1.011313438E0,3.844203949E-1
9.611966098E0,1.866674423E-1,7.799673080E-2,-1.246701479E-1
9.630863650E0,6.659555435E-1,1.066635132E0,-2.267749548E0
9.649761150E0,9.622354507E-1,4.810047150E-1,-4.020593643E0
9.668658702E0,1.006664753E0,7.028207779E-1,-2.452370882E0
9.687556202E0,1.544056416E0,1.483902931E0,-9.546686411E-1
9.706453754E0,1.717902184E0,1.793782234E0,-1.557139516E0
9.725351254E0,1.793138504E0,5.751080513E-1,-2.201927423E0
9.744248806E0,2.154970169E0,-9.014701843E-2,-1.910590053E0
9.763146358E0,2.450617790E0,2.772564888E-1,-1.817543268E0
9.782043858E0,2.244425774E0,9.272041321E-1,-1.781703949E0
9.800941410E0,2.655054092E0,1.447965145E0,-1.570219517E0
9.819838910E0,5.281292915E0,6.161108017E-1,-2.640780926E0
9.838736462E0,6.206919193E0,-8.969626427E-1,-1.395756006E0
9.857633962E0,3.023125648E0,-2.706202984E0,-5.580033064E-1
9.876531514E0,3.777003288E-1,-3.386803150E0,-5.522749424E0
9.895429014E0,-2.715716362E0,-3.790566921E0,-1.383365917E1
9.914326566E0,-4.542102337E0,-5.225350857E0,-6.249067307E0
9.933224066E0,-1.785570621E0,-6.509737968E0,1.121958733E0
9.952121619E0,8.479194641E-1,-9.301474571E0,3.325951099E0
9.971019119E0,1.664703369E0,-1.111994457E1,2.800548077E0
9.989916671E0,1.780132771E0,-8.281632423E0,1.462782383E0
1.000881417E1,2.168463707E0,-3.674281597E0,2.607085943E0
1.002771172E1,6.576266289E-1,-8.166761398E-1,4.751411438E0
1.004660922E1,-8.411021233E-1,5.706720352E-1,5.810611248E0
1.006550678E1,-1.230087280E0,1.530467510E0,6.914586544E0
1.008440428E1,-1.489500523E0,2.182662964E0,6.963489532E0
1.010330183E1,-1.605343819E-1,2.421147823E0,6.700060844E0
1.012219933E1,1.537652016E-1,2.038959503E0,7.154144287E0
1.014109688E1,-1.054265022E0,1.574331284E0,6.640828133E0
1.015999438E1,-3.175055027E0,1.899312496E0,6.602222443E0
1.017889193E1,-4.943828583E0,2.521849155E0,6.526280880E0
1.019778943E1,-6.285105228E0,3.203967333E0,5.539175987E0
1.021668698E1,-6.892723560E0,3.801091433E0,3.693750858E0
1.023558448E1,-6.681331635E0,3.755108118E0,9.349853992E-1
1.025448204E1,-5.657917023E0,2.591638088E0,-1.283725977E0
1.027337954E1,-6.544551849E-1,1.000000477E0,-5.924776077E0
1.029227709E1,4.503751278E0,-5.536288738E0,-1.368101215E1
1.031117459E1,4.682555676E0,-1.226350307E1,-1.197253990E1
1.033007214E1,8.993062019E0,-1.543468857E1,-1.159142494E1
1.034896969E1,7.547052383E0,-1.612633896E1,-1.917440653E0
1.036786719E1,8.260652542E0,-2.582401276E0,-1.819708347E0
1.038676469E1,-4.728043079E0,4.414650440E0,9.043532372E0
1.040566224E1,-9.269239426E0,7.414192677E0,8.964925766E0
1.042455980E1,-1.186686611E1,7.483232498E0,8.156027794E0
1.044345730E1,-9.435543060E0,2.931196213E0,7.558846951E0
1.046235485E1,-6.158517361E0,-3.599624634E-1,6.356517792E0
1.048125235E1,3.296102524E0,-4.749595642E0,5.306368828E0
1.050014990E1,2.027965736E1,-5.811333656E0,5.360050201E0
1.051904740E1,4.656648159E0,-3.122301102E0,8.287366867E0
1.053794495E1,-8.473553658E-1,5.408930779E-1,5.862230301E0
1.055684245E1,-2.324091434E0,2.252113342E0,3.981813192E0
1.057574000E1,-9.506392479E-1,2.997613430E0,-6.657578945E0
1.059463750E1,1.490836143E-1,5.882949829E-1,-1.623861694E1
1.061353506E1,1.919493198E0,-9.247016907E-1,-7.615583897E0
1.063243261E1,1.433128357E0,-3.456363678E-1,-1.235731244E0
1.065133011E1,1.325321198E-1,6.401529312E-1,3.014261007E0
1.067022766E1,-5.751528740E-1,1.584233761E0,3.309710026E0
1.068912485E1,-2.511596680E-2,2.247450352E0,1.574126840E0
1.070802271E1,1.171545982E-1,1.690761566E0,5.250269175E-1
1.072692021E1,3.925600052E-1,-1.199817657E-2,2.981727123E-1
1.074581776E1,1.014772892E0,-8.423871994E-1,-6.505012512E-1
1.076471532E1,1.274454594E0,-5.092144012E-2,-2.665102005E0
1.078361282E1,1.095150948E0,6.945967674E-1,-6.074543953E0
1.080251037E1,1.179616928E0,-4.696464539E-1,-7.668473244E0
1.082140787E1,2.865512848E0,-9.602060318E-1,-4.986181259E0
1.084030542E1,4.078910351E0,3.992500305E-1,-2.158171654E0
1.085920292E1,2.624402523E0,1.497837067E0,-5.925421715E-1
1.087810047E1,1.602845192E0,2.181797028E0,2.902680635E-1
1.089699802E1,1.691534519E0,1.837269783E0,2.692636251E-1
1.091589552E1,4.166550159E0,2.693419456E-1,-9.625449777E-1
1.093479308E1,6.669893742E0,-9.644536972E-1,-2.546097755E0
1.095369058E1,5.575352192E0,-7.928810120E-1,-3.636570692E0
1.097258813E1,3.550349712E0,-7.663302422E-1,-5.174901485E0
1.099148563E1,-1.471424103E-1,-9.902129173E-1,-6.159252644E0
1.101038318E1,-2.457049370E0,-2.740754604E0,-3.364845753E0
1.102928073E1,-1.471022129E0,-5.250500202E0,1.804222941E0
1.104817823E1,9.669594765E-1,-7.658020973E0,4.134102345E0
1.106707578E1,1.925925732E0,-8.666151047E0,3.164858341E0
1.108597329E1,1.830204964E0,-6.004797459E0,1.769674063E0
1.110487084E1,1.649058342E0,-2.887907982E0,2.589183569E0
1.112376839E1,8.101739883E-1,-2.561445236E-1,4.290604591E0
1.114266589E1,1.855611801E-1,1.654335022E0,6.576016903E0
1.116156344E1,4.722986221E-1,2.584153175E0,6.416708946E0
1.118046099E1,1.441414356E0,2.935166836E0,4.934132576E0
1.119935849E1,3.735198975E-1,1.839096546E0,5.901209831E0
1.121825605E1,-1.572027206E0,9.202842712E-1,6.640494823E0
1.123715355E1,-3.189494610E0,7.855811119E-1,6.319027901E0
1.125605110E1,-4.637750149E0,1.336822987E0,6.020817757E0
1.127494860E1,-5.464174747E0,2.141065121E0,5.453471661E0
1.129384615E1,-5.871848583E0,3.227508783E0,3.930104494E0
1.131274370E1,-6.025886536E0,3.943071127E0,1.297049999E0
1.133164120E1,-5.425526619E0,3.433207750E0,-5.666429996E-1
1.135053875E1,-1.923285007E0,1.195231915E0,-3.735783100E0
1.136943631E1,4.339336395E0,-3.221598625E0,-1.328037834E1
1.138833381E1,3.656155109E0,-6.620995998E0,-1.012782669E1
1.140723136E1,3.347031593E0,-3.658146858E0,-7.925375938E0
1.142612886E1,1.026161671E0,-5.025188446E0,-8.301079273E-1
1.144502641E1,-3.915845871E0,-1.323343277E1,9.043704987E0
1.146392396E1,2.375514507E0,-5.833698273E0,3.122956038E0
1.148282146E1,3.064877987E0,1.161514759E0,3.108234882E0
1.150171901E1,2.157861710E0,3.012761593E0,4.632873535E0
1.152061657E1,1.880966187E0,2.532359123E0,5.704139233E0
1.153951407E1,-3.398909569E-1,1.184031963E0,6.755419254E0
1.155841162E1,-1.130916595E0,7.255311012E-1,7.286561966E0
1.157730912E1,6.360764503E-1,1.596932411E0,7.251069546E0
1.159620667E1,2.533372402E0,1.111138344E0,6.489120483E0
1.161510422E1,1.424988270E0,1.605997086E-1,4.842329979E0
1.163400172E1,-1.777291298E-1,-8.186912537E-2,2.563586235E0
1.165289928E1,3.899765015E-2,-1.569108963E-1,-8.293726921E0
1.167179678E1,-8.366355896E-1,-1.232726097E0,-1.738321877E1
1.169069433E1,1.657481194E-1,-1.386985779E-1,-4.997171879E0
1.170959188E1,1.773947716E0,1.130261898E0,-3.086022735E-1
1.172848938E1,1.630323887E0,1.237954617E0,1.232568383E0
1.174738693E1,9.686756134E-2,1.006315231E0,9.774439931E-1
1.176628448E1,-5.265698433E-1,1.156927586E0,6.968792081E-1
1.178518198E1,-2.542586327E-1,1.324048042E0,1.195590973E0
1.180407954E1,2.495908737E-2,9.729933739E-1,1.486829996E0
1.182297709E1,2.754821777E-1,6.252679825E-1,2.190668583E-1
1.184187459E1,7.286872864E-1,6.487302780E-1,-1.348515272E0
1.186077214E1,1.214550972E0,7.133569717E-1,-4.152509689E0
1.187966964E1,1.580463886E0,4.581775665E-1,-5.145212173E0
1.189856719E1,2.503509998E0,5.219049454E-1,-3.429851055E0
1.191746474E1,4.049539566E0,1.217097282E0,-1.729299426E0
1.193636224E1,4.204586029E0,1.227028370E0,6.718026400E-1
1.195525980E1,3.191179752E0,1.487943649E0,1.943431377E0
1.197415730E1,3.232275963E0,6.943855286E-1,1.987074852E0
1.199305485E1,5.158530235E0,-9.647550583E-1,3.879085779E-1
1.201195240E1,5.181133747E0,-1.408658981E0,-4.096723795E-1
1.203084990E1,4.237484932E0,-9.745340347E-1,-2.213629246E0
1.204974745E1,2.032545090E0,-7.848091125E-1,-4.824931145E0
1.206864495E1,1.805748940E-1,-1.565765858E0,-7.773851871E0
1.208754250E1,5.202932358E-1,-1.502070904E0,-7.198537827E0
1.210644006E1,7.870311737E-1,-8.098373413E-1,-3.488956928E0
1.212533756E1,-3.106236458E-1,-9.288544655E-1,-4.427784979E-1
1.214423511E1,-8.607463837E-1,-2.491803646E0,1.243952274E0
1.216313266E1,-8.953738213E-1,-4.542520523E0,3.049398422E0
1.218203016E1,-4.707317352E-1,-5.510230064E0,3.499660492E0
1.220092771E1,-1.080808640E-1,-4.845574856E0,1.729361653E0
1.221982521E1,-1.708154678E-1,-2.772367954E0,4.034442902E-1
1.223872276E1,-6.247859001E-1,-1.153852463E0,1.526239634E0
1.225762032E1,-4.100117683E-1,2.365942001E-1,3.466268301E0
1.227651782E1,1.047797203E-1,1.381073952E0,5.042526722E0
1.229541537E1,7.101192474E-1,1.641393185E0,5.050445080E0
1.231431292E1,6.895985603E-1,1.167069435E0,4.837289810E0
1.233321042E1,4.965586662E-1,5.397753716E-1,5.325339317E0
1.235210797E1,-4.851946831E-1,7.616043091E-2,5.175337791E0
1.237100553E1,-2.077264786E0,-2.851247787E-2,4.638348579E0
1.238990302E1,-3.767124891E0,3.262243271E-1,4.075363636E0
1.240880058E1,-5.057629108E0,1.444933414E0,3.813654423E0
1.242769813E1,-5.712539196E0,2.395238876E0,2.819550991E0
1.244659563E1,-5.596997738E0,2.923078537E0,1.591598272E0
1.246549318E1,-5.182443619E0,2.661009312E0,-4.554867744E-2
1.248439073E1,-4.127313137E0,2.093042374E0,-1.793334961E0
1.250328823E1,-5.834445953E-1,7.287936211E-1,-4.014917374E0
1.252218579E1,4.078806400E0,-2.606101513E0,-9.071371078E0
1.254108334E1,4.851474285E0,-4.853706837E0,-9.685851097E0
1.255998084E1,3.579034328E0,-3.206661701E0,-7.015220642E0
1.257887839E1,3.508428097E0,-2.106748581E0,-6.490438461E0
1.259777594E1,3.995603085E0,-8.284037590E0,-2.235336065E0
1.261667344E1,5.979503155E0,-1.299710369E1,-2.269228697E0
1.263557099E1,1.552436829E0,-1.767530918E0,2.603748560E0
1.265446855E1,-7.432263851E0,4.634543419E0,7.615269661E0
1.267336605E1,-9.647545815E0,6.326982498E0,6.877700806E0
1.269226360E1,-9.446807861E0,3.361169815E0,4.876678467E0
1.271116115E1,-8.026700974E0,-9.013891220E-1,5.411087036E0
1.273005865E1,-5.355275631E0,-3.012664795E0,5.414892197E0
1.274895620E1,-1.423115730E-1,-3.738419533E0,3.623892069E0
1.276785375E1,1.412771988E1,-3.154565811E0,1.589022517E0
1.278675125E1,9.630558014E0,-1.417491913E0,8.210297585E0
1.280564881E1,2.202520370E-1,7.866659164E-1,7.901381969E0
1.282454636E1,-1.144410610E0,3.093008041E0,6.680441856E0
1.284344386E1,4.806766510E-1,4.079708099E0,-1.585928679E0
1.286234141E1,4.374435902E0,1.664903641E0,-1.037544346E1
1.288123896E1,3.082028389E0,5.696530342E-1,-1.022967052E1
1.290013651E1,-6.771039963E-1,-1.200017929E-1,-2.823160410E0
1.291903401E1,-1.996186733E0,-6.362047195E-1,1.835375071E0
1.293793157E1,-9.613833427E-1,9.386062622E-3,3.277391195E-1
1.295682912E1,3.209753036E-1,4.066667557E-1,-2.225171566E0
1.297572662E1,2.613973618E-1,-3.196430206E-2,-3.447495937E0
1.299462417E1,6.577544212E-1,4.628715515E-1,-2.341176271E0
1.301352172E1,9.760546684E-1,7.126111984E-1,-1.012571812E0
1.303241922E1,1.365186214E0,7.636275291E-1,-4.651018381E-1
1.305131678E1,1.828610897E0,6.453905106E-1,-1.383411646E0
1.307021433E1,1.606632233E0,4.111948013E-1,-3.352154732E0
1.308911183E1,2.233539581E0,5.714111328E-1,-3.686239004E0
1.310800938E1,3.025245667E0,4.680414200E-1,-3.071816683E0
1.312690693E1,4.859396458E0,1.391166687E0,-2.427944422E0
1.314580443E1,4.767033100E0,2.649996281E0,-5.360689163E-1
1.316470198E1,4.286183834E0,2.379224300E0,1.352814198E0
1.318359954E1,6.251216888E0,2.209854126E-2,1.049734354E0
1.320249709E1,5.264606476E0,-1.750528812E0,-7.822637558E-1
1.322139459E1,2.841341019E0,-1.666750431E0,-2.858841658E0
1.324029214E1,3.181815147E-1,-1.962309361E0,-6.951274872E0
1.325918969E1,-1.504335403E0,-2.105550289E0,-8.933892250E0
1.327808719E1,-2.603103638E0,-3.625191689E0,-5.472012997E0
1.329698474E1,-1.264720917E0,-5.212291241E0,4.914899766E-1
1.331588230E1,4.512810707E-1,-6.673677921E0,3.918908596E0
1.333477980E1,1.309243202E0,-7.439593315E0,3.984897375E0
1.335367735E1,1.289532185E0,-5.867009163E0,2.534309149E0
1.337257490E1,8.662419319E-1,-2.804635048E0,2.085677147E0
1.339147240E1,5.425453186E-2,-4.738922119E-1,2.875677109E0
1.341036995E1,-7.273817062E-2,9.193224907E-1,4.167746544E0
1.342926750E1,1.581764221E-2,1.683255196E0,5.434037209E0
1.344816500E1,1.327624321E-1,2.060475349E0,6.347122192E0
1.346706256E1,8.225207329E-1,2.183209419E0,6.524554729E0
1.348596011E1,4.921126366E-1,1.783249378E0,6.649237156E0
1.350485761E1,-1.322040558E0,1.010589123E0,6.393976212E0
1.352375516E1,-3.643410921E0,2.370915413E-1,5.544033051E0
1.354265271E1,-5.175704479E0,5.552911758E-1,5.062023640E0
1.356155021E1,-5.583513260E0,1.604019642E0,4.773766994E0
1.358044776E1,-5.816089153E0,2.492703915E0,4.413938522E0
1.359934532E1,-5.892294407E0,2.720277786E0,2.409063101E0
1.361824282E1,-4.890088081E0,2.607233524E0,-5.435562134E-2
1.363714037E1,-3.203595400E0,1.955859184E0,-1.137694597E0
1.365603792E1,1.109984398E0,-7.647371292E-2,-5.217226028E0
1.367493542E1,6.146895409E0,-5.098220348E0,-1.548084354E1
1.369383297E1,6.198529243E0,-6.146433353E0,-1.319127083E1
1.371273053E1,5.763710022E0,-3.359427452E-1,-5.611559868E0
1.373162803E1,4.539570808E0,5.613818169E-1,6.393682957E-1
1.375052558E1,2.166399479E0,-8.891435623E0,4.255056381E-2
1.376942313E1,3.865645409E0,-1.391105270E1,-4.239811420E0
1.378832063E1,-6.681327820E-1,-5.247984409E0,2.451711178E0
1.380721818E1,-6.402319908E0,2.459348679E0,5.582845688E0
1.382611573E1,-8.160999298E0,5.457027435E0,5.870511055E0
1.384501323E1,-8.560814857E0,5.518235683E0,7.166809082E0
1.386391079E1,-8.502707481E0,1.803815842E0,8.377040863E0
1.388280834E1,-5.086398125E0,-2.383584023E0,7.112399101E0
1.390170584E1,1.022144890E1,-6.011135101E0,3.923814297E0
1.392060339E1,1.210741615E1,-4.545393944E0,1.035210228E1
1.393950094E1,3.208351135E-1,-7.772970200E-1,8.848137856E0
1.395839844E1,-2.185516596E0,1.885346413E0,5.439719200E0
1.397729599E1,-7.692232132E-1,3.262967110E0,-4.392844439E-2
1.399619355E1,3.532762051E0,2.984897137E0,-1.572875118E1
1.401509105E1,4.184594631E0,7.012472153E-1,-1.384024620E1
1.403398860E1,1.148505688E0,-3.515739441E-1,-5.728546143E0
1.405288615E1,4.039821625E-1,-1.770858765E-1,9.505460262E-1
1.407178370E1,9.375643730E-1,6.330690384E-1,2.432121515E0
1.409068120E1,1.379508495E0,1.163108826E0,-2.559430003E-1
1.410957875E1,6.198415756E-1,1.375087738E0,-2.928083420E0
1.412847631E1,1.640245914E0,2.269784451E0,-4.382514000E0
1.414737381E1,4.018266201E0,3.216674328E0,-4.826088428E0
1.416627136E1,4.515818596E0,2.712777615E0,-4.104099751E0
1.418516891E1,3.659225464E0,6.877217293E-1,-2.133264542E0
1.420406641E1,1.996618748E0,-3.090529442E-1,-1.870142221E-1
1.422296396E1,1.925066471E0,-5.830035210E-1,2.289512157E-1
1.424186151E1,1.963753223E0,-2.214571953E0,1.784475446E0
1.426075901E1,1.069087029E0,-5.011929989E0,1.507333040E0
1.427965657E1,1.303589344E0,-5.035332203E0,-5.223318577E0
1.429855412E1,3.504004478E-1,-2.778023243E0,-7.247459888E0
1.431745162E1,-3.650398254E-1,-1.719627380E0,2.124080181E0
1.433634917E1,-1.153364182E-1,-2.598486900E0,7.673241138E0
1.435524672E1,3.458266258E-1,-3.531857967E0,7.217417240E0
1.437414428E1,8.353381157E-1,-3.165551186E0,3.733393431E0
1.439304178E1,6.290736198E-1,-2.275789738E0,3.205193758E0
1.441193933E1,3.033146858E-1,-9.912467003E-1,2.920433998E0
1.443083688E1,-5.509548187E-1,-6.361579895E-1,2.489738703E0
1.444973438E1,-1.298890591E0,-1.734495163E-2,3.118425369E0
1.446863193E1,-1.389159203E0,1.006136894E0,4.399053097E0
1.448752948E1,-2.426921844E0,1.325772285E0,5.566448689E0
1.450642698E1,-2.782062292E0,3.351597786E-1,4.980237961E0
1.452532454E1,-1.715741873E0,3.762407303E-1,3.737223387E0
1.454422209E1,-1.212898731E0,7.554817200E-1,4.182478428E0
1.456311959E1,-2.051216364E0,6.136498451E-1,4.841595650E0
1.458201714E1,-2.699470282E0,8.733057976E-1,4.582415104E0
1.460091469E1,-3.037076712E0,1.241309643E0,3.397689819E0
1.461981224E1,-3.321961880E0,1.316015720E0,1.394247293E0
1.463870974E1,-2.288667202E0,6.033973694E-1,-1.370633602E0
1.465760730E1,2.264118195E-2,-1.338393211E0,-3.177707911E0
1.467650485E1,1.270141602E0,-3.353276730E0,-2.667192459E0
1.469540235E1,-7.904148102E-2,-2.920377731E0,-3.178279400E0
1.471429990E1,6.025195122E-1,-1.872989655E0,-8.168094635E0
1.473319745E1,1.867990971E0,-1.840434074E0,-1.213576412E1
1.475209500E1,4.216151237E-1,-2.957059860E0,-9.000169754E0
1.477099250E1,-1.311309814E0,-2.138727188E0,-1.243428946E0
1.478989006E1,-9.181983471E-1,6.602544785E-1,4.119734287E0
1.480878761E1,-5.891022682E-1,2.475614548E0,3.474532604E0
1.482768511E1,2.507457733E-1,2.380601406E0,2.813815832E0
1.484658266E1,3.259347439E0,1.003360748E-2,2.811343431E0
1.486548021E1,4.644890785E0,-3.018817902E0,1.540410042E0
1.488437771E1,9.481902122E-1,-6.375766754E0,-1.361360550E-1
1.490327526E1,-2.021189451E0,-3.860948563E0,-3.657426834E-1
1.492217282E1,-3.213449240E0,8.308219910E-2,3.371000290E-3
1.494107032E1,-1.901438236E0,2.176827431E0,1.278493643E0
1.495996787E1,-3.402824402E-1,2.535838127E0,2.162569046E0
1.497886542E1,4.970498085E-1,2.774509430E0,2.917888641E0
1.499776297E1,1.369143009E0,2.237636566E0,4.727497578E0
1.501666047E1,1.909424305E0,2.398726463E0,5.416420937E0
1.503555802E1,2.090958118E0,1.551157951E0,5.840039253E0
1.505445558E1,2.013401508E0,-4.829473495E-1,4.629495144E0
1.507335308E1,1.182989597E0,-1.918590546E0,3.295584202E0
1.509225063E1,4.307909012E-1,-1.688308716E0,1.016816616E0
1.511114818E1,4.713454247E-1,-7.094488144E-1,-6.522555351E-1
1.513004568E1,3.572621346E-1,2.767152786E-1,-6.261426449E0
1.514894323E1,-7.919306755E-1,5.664024353E-1,-7.169246197E0
1.516784079E1,-3.240275383E-1,2.800807953E-1,-1.588609338E0
1.518673834E1,5.839581490E-1,1.573362350E-1,1.675565004E0
1.520563584E1,1.371403694E0,5.323257446E-1,5.343006849E-1
1.522453339E1,1.099846363E0,3.003072739E-1,8.812510967E-2
1.524343094E1,-7.148170471E-2,-3.927621841E-1,5.874797106E-1
1.526232844E1,9.700870514E-2,3.173828125E-3,5.401762128E-1
1.528122599E1,1.180608749E0,4.712495804E-1,3.228120208E-1
1.530012355E1,2.087465763E0,9.785270691E-1,2.146923542E-2
1.531902105E1,1.716316223E0,6.318035126E-1,9.431409836E-2
1.533791860E1,9.350595474E-1,-2.423334122E-1,4.555135965E-2
1.535681615E1,3.425831795E-1,-2.385139465E-1,-1.758430600E-1
1.537571365E1,-1.276693344E-1,-1.202621460E-1,8.370518684E-2
1.539461120E1,-5.927834511E-1,-1.675987244E-1,1.341716051E-1
1.541350875E1,-1.014116049E0,-4.218797684E-1,-4.604768753E-2
1.543240631E1,-7.897281647E-1,-8.842706680E-1,-5.693926811E-1
1.545130381E1,2.051420212E-1,-4.050645828E-1,-8.017770052E-1
1.547020136E1,1.380711555E0,1.322870255E-1,-2.757405043E-1
1.548909891E1,2.049141884E0,8.578367233E-1,6.079621315E-1
1.550799641E1,1.528971672E0,5.910267830E-1,1.227344394E0
1.552689396E1,4.832439423E-1,-3.245115280E-1,3.809832335E-1
1.554579151E1,-9.651193619E-1,-5.559110641E-1,-1.152441978E0
1.556468901E1,-1.289636612E0,-1.384572983E0,-1.867547870E0
1.558358657E1,-7.652378082E-1,-1.278266907E0,-1.558310032E0
1.560248412E1,-6.505503654E-1,-1.182909012E0,-1.781749606E0
1.562138162E1,-3.224649429E-1,-6.280889511E-1,-1.851463675E0
1.564027917E1,2.067899704E-1,-4.529991150E-1,-1.723338008E0
1.565917672E1,7.149934769E-1,-9.915323257E-1,-7.558342814E-1
1.567807428E1,1.684827328E0,-9.274492264E-1,-2.764344215E-2
1.569697178E1,1.243843555E0,-1.609106064E0,6.541495323E-1
1.571586933E1,6.055560112E-1,-1.741987228E0,2.878642678E-1
1.573476688E1,1.027009964E0,-3.414608002E0,-3.489719629E-1
1.575366438E1,1.363701344E0,-3.533212662E0,-6.618491411E-1
1.577256193E1,-5.013718605E-1,-1.667234421E0,-1.727793217E0
1.579145948E1,-1.220278025E0,-1.734078407E0,7.635636330E-1
1.581035698E1,-1.314187050E-1,-1.769606590E0,3.637680531E0
1.582925454E1,5.061511993E-1,-8.117485046E-1,1.932535768E0
1.584815209E1,1.616086483E0,2.794427872E-1,9.043705463E-2
1.586704964E1,-8.025646210E-3,-2.037267685E-1,1.376349807E0
1.588594714E1,1.226914406E0,-6.703395844E-1,1.316592455E0
1.590484469E1,5.471663475E-1,-1.670340538E0,4.644457817E0
1.592374224E1,-2.370995760E0,-8.015756607E-1,-1.520931482E0
1.594263974E1,-2.688886404E0,-2.868461609E-1,9.852687120E-1
1.596153730E1,-3.861321449E0,-1.102379799E0,6.023313999E-1
1.598043485E1,-3.511592388E0,-1.566212654E0,-1.788550168E-1
1.599933235E1,-3.097819805E0,-2.389765739E0,-1.578555822E0
1.601822990E1,-1.373715878E0,-1.694774628E-1,-5.923088074E0
1.603712745E1,-1.667097092E0,1.715555191E0,-6.616360664E0
1.605602500E1,-2.075329781E0,1.440374374E0,-1.907303214E0
1.607492250E1,-2.452256680E0,-1.009614944E0,1.430292130E-1
1.609382006E1,-1.680523753E0,-3.694590569E0,1.086068392E0
1.611271761E1,7.811613083E-1,-2.727245331E0,-1.207547665E0
1.613161516E1,3.373543024E0,-5.878648758E-1,-3.915362358E-1
1.615051266E1,3.919525862E0,8.017778397E-1,-2.142935991E0
1.616941021E1,2.222833395E0,1.153395653E0,-5.544808865E0
1.618830776E1,-1.083822250E0,-2.284393311E-1,-7.007377148E0
1.620720526E1,-1.774810910E0,-1.512519360E0,-5.812701225E0
1.622610282E1,4.694595337E-1,-1.052390099E0,-5.966552734E0
1.624500037E1,1.915427685E0,-4.585766792E-1,-7.172211170E0
1.626389787E1,2.418777704E0,1.866154671E-1,-8.014023781E0
1.628279542E1,3.108092070E0,7.744016647E-1,-7.028509140E0
1.630169297E1,4.158301830E0,5.826053619E-1,-4.636728287E0
1.632059052E1,5.635503769E0,8.248853683E-1,-5.962738991E-1
1.633948802E1,6.491724968E0,2.053783894E0,2.948789120E0
1.635838558E1,5.016143799E0,2.383729458E0,3.078769207E0
1.637728313E1,3.014524698E0,2.077377319E0,1.579681873E0
1.639618063E1,2.631907940E0,1.709655285E0,-2.200837135E-1
1.641507818E1,4.628757954E0,2.987602234E0,3.996295452E0
1.643397573E1,4.035370827E0,3.092206955E0,7.273161888E0
1.645287323E1,5.545158386E-1,7.664403915E-1,4.905777454E0
1.647177078E1,-1.300880432E0,-9.604415894E-1,3.057502270E0
1.649066834E1,2.049522400E-1,-8.347415924E-1,3.687711239E0
1.650956589E1,3.096108437E0,1.664099693E-1,5.226706028E0
1.652846339E1,2.989304543E0,3.699116707E-1,7.583242893E0
1.654736094E1,9.835667610E-1,-6.784033775E-1,4.869123936E0
1.656625849E1,2.319502831E-1,-1.275201321E0,2.487689972E0
1.658515605E1,-1.857171059E-1,-2.054579258E0,3.386624336E0
1.660405355E1,-5.222988129E-2,-2.557549000E0,3.776094437E0
1.662295110E1,3.438115120E-1,-2.244855165E0,3.465589046E0
1.664184865E1,-1.663810968E0,-3.162072182E0,3.170522690E0
1.666074615E1,-3.936945438E0,-4.685808182E0,2.941803932E0
1.667964370E1,-4.115452766E0,-4.916113853E0,2.466649055E0
1.669854125E1,-2.974402666E0,-4.245719910E0,2.252923012E0
1.671743875E1,-2.094127655E0,-3.665243149E0,1.263509750E0
1.673633631E1,-2.941308022E0,-3.445745468E0,-9.769468307E-1
1.675523386E1,-3.505326748E0,-3.217137337E0,-2.287854195E0
1.677413141E1,-3.010094881E0,-3.000098705E0,-1.798922062E0
1.679302891E1,-2.086617470E0,-2.710654736E0,-2.262529373E0
1.681192646E1,-3.499987125E-1,-1.886486888E0,-2.853842735E0
1.683082401E1,1.258936405E0,-1.060604572E0,-2.870023727E0
1.684972151E1,1.406547070E0,-1.163207531E0,-1.684851646E0
1.686861907E1,7.877206802E-2,-1.916025877E0,5.912265778E-1
1.688751662E1,-1.996899366E0,-2.651526690E0,-1.301373482E0
1.690641417E1,-3.561693668E0,-3.111091614E0,-4.758716583E0
1.692531167E1,-4.839014530E0,-4.126250267E0,-4.257766247E0
1.694420922E1,-4.959671974E0,-4.941325188E0,-1.562461853E0
1.696310678E1,-2.347513437E0,-4.372940540E0,8.626060486E-1
1.698200428E1,1.168845749E1,-9.409444332E-1,1.113569641E1
1.700090183E1,9.470638275E0,-2.672705173E0,-1.353143692E0
1.701979938E1,7.735872269E-1,-2.509144783E0,1.585321426E0
1.703869688E1,-3.111020565E0,-2.493269920E0,-1.714190483E0
1.705759443E1,-2.289463520E0,-1.600922942E0,-1.376121521E0
1.707649198E1,5.166530609E-1,-9.419193268E-1,-7.482376099E-1
1.709538948E1,9.054150581E-1,-5.479414463E-1,-8.104171753E-1
1.711428704E1,8.610069752E-1,-6.098299026E-1,-7.490005493E-1
1.713318459E1,2.151476145E0,-1.059841156E0,-1.288318634E-1
1.715208214E1,4.165899754E0,-8.907375336E-1,7.582092285E-2
1.717097964E1,3.713071823E0,-2.008668423E0,-6.968584061E-1
1.718987719E1,3.249777317E0,-1.696387529E0,-3.716611862E-1
1.720877474E1,2.848016739E0,-8.019657135E-1,1.019517899E0
1.722767224E1,1.374576330E0,-6.593170166E-1,2.691658974E0
1.724656980E1,1.776676416E0,-1.504266739E0,4.232740402E-1
1.726546735E1,1.770637751E0,-1.645906925E0,-1.519249916E0
1.728436485E1,1.521442533E0,-2.040313244E0,-5.712151527E-1
1.730326240E1,2.290834665E0,-2.250599384E0,-4.273114204E-1
1.732215995E1,9.864255786E-1,-5.294518471E-1,-1.075366020E0
1.734105745E1,-1.213369250E0,3.995432854E-1,-1.929790974E0
1.735995500E1,-2.779894829E0,-1.216645241E-1,-6.915025711E-1
1.737885256E1,-3.297892809E0,-4.841089249E-1,-1.852350235E-1
1.739775011E1,-2.966801167E0,3.459453583E-2,1.431107521E-1
1.741664761E1,-2.209548235E0,-9.803867340E-2,-6.220393181E-1
1.743554516E1,-1.075100899E0,-7.293100357E-1,-1.432675838E0
1.745444271E1,3.471664190E-1,-5.876216888E-1,-1.269460678E0
1.747334021E1,1.128935575E0,2.144250870E-1,-4.108400345E-1
1.749223776E1,7.260627747E-1,2.145233154E-1,7.619819641E-1
1.751113532E1,1.043147445E-1,-2.607378960E-1,7.713127136E-1
1.753003282E1,4.456118047E-1,-5.068702698E-1,2.974553108E-1
1.754893037E1,6.458737850E-1,-9.170970917E-1,-7.375764847E-2
1.756782792E1,3.641089797E-1,-6.831521988E-1,5.250921249E-1
1.758672547E1,4.225242138E-1,-3.859996796E-1,8.555178642E-1
1.760562297E1,1.293658853E0,-2.366766930E-1,4.301810265E-1
1.762452052E1,1.605890274E0,-9.051632881E-1,-7.690906525E-2
1.764341808E1,1.450229883E0,-1.157269478E0,-4.843955040E-1
1.766231558E1,1.184096575E0,-3.307600021E-1,-8.986034393E-1
1.768121313E1,6.603132486E-1,7.113552094E-2,-1.053852797E0
1.770011068E1,-3.238006830E-1,1.110248566E-1,-4.620265961E-1
1.771900818E1,-1.239257455E0,1.220092773E-1,-6.304216385E-2
1.773790573E1,-9.883186817E-1,3.355445862E-1,1.347179413E-1
1.775680328E1,-3.262324333E-1,1.107358932E-1,-5.952262878E-2
1.777570084E1,-1.480925083E-1,-6.551265717E-2,-1.020474434E-1
1.779459834E1,-1.951763630E-1,1.057891846E-1,-2.798724174E-1
1.781349589E1,3.336495161E-2,2.353363037E-1,-1.744289398E-1
1.783239344E1,1.983585358E-1,1.848764420E-1,2.946519852E-2
1.785129099E1,1.696445942E-1,2.339439392E-1,1.122646332E-1
1.787018849E1,1.198535562E-1,1.815481186E-1,2.150726318E-1
1.788908605E1,8.429712057E-2,9.983634949E-2,1.003694534E-2
1.790798360E1,9.963136911E-2,1.125364304E-1,-9.830570221E-2
1.792688110E1,2.062231302E-1,6.054019928E-2,-6.555938721E-2
1.794577865E1,4.934220910E-1,1.158666611E-1,3.273820877E-2
1.796467620E1,4.894603193E-1,1.184530258E-1,1.194441319E-1
1.798357375E1,1.451521814E-1,1.013784409E-1,2.994639874E-1
1.800247125E1,5.593374372E-2,-4.088306427E-2,5.182077885E-1
1.802136881E1,1.214106679E-1,-2.444200516E-1,4.381208420E-1
1.804026636E1,1.257650852E-1,-3.763866425E-1,-1.229884624E-1
1.805916386E1,8.362442255E-3,-4.814996719E-1,-6.671733856E-1
1.807806141E1,-1.352549791E-1,-7.319192886E-1,-6.046762466E-1
1.809695896E1,5.603694916E-2,-7.017221451E-1,-6.212341785E-1
1.811585646E1,3.225778937E-1,-6.351203918E-1,-9.839465618E-1
1.813475401E1,5.820840597E-1,-1.541213989E-1,-8.979339600E-1
1.815365157E1,3.916324973E-1,2.189931870E-1,2.945613861E-2
1.817254907E1,-7.490970194E-2,-1.368198395E-1,9.975399971E-1
1.819144662E1,4.255320132E-1,4.164648056E-1,1.180712938E0
1.821034417E1,9.522511363E-1,5.062808990E-1,6.343979836E-1
1.822924172E1,6.621676087E-1,1.777925491E-1,1.597537994E-1
1.824813922E1,3.545953929E-1,1.202993393E-1,1.033878326E-2
1.826703678E1,2.579786181E-1,2.902803421E-1,2.664864063E-1
1.828593433E1,6.642310321E-2,3.576745987E-1,2.354283333E-1
1.830483183E1,-2.239526063E-2,1.527242661E-1,-1.206231117E-2
1.832372938E1,4.011463374E-2,-2.292823792E-2,-2.637033463E-1
1.834262688E1,6.809826195E-2,-9.974956512E-2,-6.335804462E-1
1.836152443E1,6.818674505E-2,-1.664600372E-1,-1.206850767E0
1.838042198E1,1.715267003E-1,-2.070751190E-1,-1.603837848E0
1.839931954E1,2.567057014E-1,-1.063356400E-1,-1.421095133E0
1.841821704E1,1.641178429E-1,-2.609729767E-2,-1.254734516E0
1.843711459E1,1.090055704E-1,1.697139740E-1,-9.552094936E-1
1.845601214E1,3.985509276E-3,1.130323410E-1,-3.768458366E-1
1.847490964E1,5.504414439E-3,-1.367359161E-1,-7.026822567E-1
1.849380719E1,5.714119673E-1,-5.754470825E-2,-1.924240351E0
1.851270474E1,9.090132117E-1,-2.259836197E-1,-3.044777870E0
1.853160224E1,1.011737823E0,-1.975345612E-1,-3.238538980E0
1.855049980E1,1.091954231E0,-1.886510849E-1,-1.912708044E0
1.856939735E1,3.109056652E-1,-4.776840210E-1,2.830500603E-1
1.858829485E1,-1.601506472E-1,-8.171072006E-1,8.976249695E-1
1.860719240E1,-3.226167560E-1,-6.392378807E-1,-3.836593628E-1
1.862608995E1,-1.589730382E-1,-1.888813972E-1,-9.040951729E-1
1.864498750E1,5.062060356E-1,-1.600875854E-1,-9.008827209E-1
1.866388500E1,5.348037481E-1,-2.161717415E-1,9.832239151E-2
1.868278256E1,3.324353695E-1,4.035282135E-2,9.198365211E-1
1.870168011E1,-3.938573599E-1,-9.338426590E-2,1.388328552E0
1.872057761E1,-2.726625204E-1,-1.812090874E-1,7.642512321E-1
1.873947516E1,2.119380236E-1,-1.918029785E-1,-4.297537804E-1
1.875837271E1,6.603344679E-1,3.602266312E-1,-1.312785149E-1
1.877727021E1,7.475545406E-1,4.285144806E-1,5.685443878E-1
1.879616776E1,-6.912624836E-2,-1.509284973E-1,7.953500748E-1
1.881506526E1,-5.269097090E-1,-5.774979591E-1,1.097408772E0
1.883396282E1,-3.334848881E-1,-3.871159554E-1,3.586635590E-1
1.885286037E1,5.327379704E-2,1.595525742E-1,-4.725828171E-1
1.887175792E1,3.622189760E-1,3.186187744E-1,-4.777512550E-1
1.889065542E1,3.315461874E-1,-2.814769745E-3,-5.160427094E-1
1.890955297E1,-2.364265919E-1,-3.582429886E-1,-6.154766083E-1
1.892845053E1,-5.702847242E-1,3.918409348E-2,4.851999283E-1
1.894734802E1,4.429788589E-1,3.469271660E-1,1.102656364E0
1.896624558E1,2.260121346E0,8.154754639E-1,5.567426682E-1
1.898514308E1,1.150167465E0,1.642597675E0,-2.163696289E-1
1.900404063E1,1.380940318E0,1.799579620E0,-1.587599754E0
1.902293818E1,4.941362143E-1,9.521989822E-1,-9.541921616E-1
1.904183573E1,-7.079228163E-1,-2.119064331E-2,1.827227592E0
1.906073323E1,-1.243467212E0,-7.891824245E-1,2.048836708E0
1.907963079E1,-1.657092452E0,-1.166790605E0,8.733673096E-1
1.909852834E1,-1.493875504E0,-8.431303501E-1,6.328687668E-1
1.911742584E1,-5.374275446E-1,-3.439726830E-1,1.366022110E0
1.913632339E1,-5.430412292E-2,1.558623314E-1,1.900918961E0
1.915522094E1,1.139959097E0,1.260451555E0,8.789606094E-1
1.917411844E1,1.914724231E0,9.629428387E-1,-1.322937012E-2
1.919301599E1,1.154806614E0,7.340240479E-1,-8.621759415E-1
1.921191355E1,3.473055363E-2,5.852401257E-1,-1.293739319E0
1.923081105E1,-4.882507324E-1,2.685594559E-1,-1.683009148E0
1.924970860E1,-7.646977901E-1,-4.465103149E-3,-1.486813068E0
1.926860615E1,-1.439630985E0,-9.498190880E-1,-1.047995567E0
1.928750365E1,-2.448757172E0,-1.932740688E0,8.425998688E-2
1.930640120E1,-1.797102094E0,-1.027924061E0,3.480613708E0
1.932529875E1,-6.146828532E-1,-6.618418694E-1,8.752164841E-1
1.934419631E1,1.925038099E-1,5.744903088E-1,1.810007095E-1
1.936309381E1,8.497563004E-1,1.298503399E0,3.475666046E-2
1.938199136E1,6.033908129E-1,8.437526226E-1,8.067083359E-1
1.940088891E1,2.471370101E-1,4.550948143E-1,1.104696274E0
1.941978641E1,6.329149008E-2,3.021686077E-1,4.209766388E-1
1.943868396E1,2.018100023E-2,3.199865818E-1,-4.809312820E-1
1.945758151E1,2.219879627E-1,3.968269825E-1,-7.732381821E-1
1.947647901E1,3.687542677E-1,3.640789986E-1,-4.763574600E-1
1.949537657E1,1.199038625E-1,3.189449310E-1,-7.482051849E-2
1.951427412E1,-1.175791025E-2,3.276293278E-1,4.053993225E-1
1.953317167E1,2.448503971E-1,1.979293823E-1,1.298313141E-1
1.955206917E1,-9.996700287E-2,-4.733848572E-2,-3.097496033E-1
1.957096672E1,-2.013059258E-1,-1.135632992E-1,1.332292557E-1
1.958986428E1,2.902352810E-2,2.448129654E-2,6.068620682E-1
1.960876178E1,-4.349523783E-2,1.261029243E-1,5.322542191E-1
1.962765933E1,-6.996047497E-2,1.130986214E-1,3.989324570E-1
1.964655688E1,1.219948530E-1,9.346437454E-2,1.964569092E-1
1.966545438E1,1.620300412E-1,7.172226906E-2,9.765052795E-2
1.968435193E1,1.283767223E-1,1.023213863E-1,9.438610077E-2
1.970324948E1,2.628032565E-1,1.523761749E-1,-6.870269775E-2
1.972214698E1,3.598068058E-1,5.430364609E-2,-2.056484222E-1
1.974104454E1,2.704159617E-1,-1.094861031E-1,-2.370605469E-1
1.975994172E1,3.011425138E-1,7.663345337E-2,-9.320259094E-3
1.977883959E1,4.664189219E-1,3.486697674E-1,3.771944046E-1
1.979773714E1,5.361106992E-1,4.434683323E-1,5.840272903E-1
1.981663469E1,4.716591239E-1,3.478600979E-1,1.766653061E-1
1.983553219E1,9.860831499E-2,1.848828793E-1,-2.947006226E-1
1.985442974E1,-1.326183081E-1,1.011297703E-1,-2.833900452E-1
1.987332730E1,1.105690002E-2,1.798882484E-1,9.082984924E-2
1.989222485E1,1.212600470E-1,2.163517475E-1,4.870243073E-1
1.991112235E1,8.915770054E-2,1.889479160E-1,4.912519455E-1
1.993001990E1,5.504310131E-2,5.366921425E-2,1.604061127E-1
1.994891745E1,5.994427204E-2,1.594519615E-2,-1.471557617E-1
1.996781495E1,-1.760786176E-1,1.654026508E-1,-3.990736008E-1
1.998671250E1,-5.405443907E-2,-3.142716885E-1,-1.910982132E-1
2.000561006E1,-2.909585238E-1,-3.166475296E-1,5.241298676E-2
2.002450756E1,-4.123271108E-1,4.075605869E-1,5.765123367E-1
2.004340511E1,4.260638654E-1,-1.678526402E-1,4.934215546E-1
2.006230266E1,3.711305857E-1,-7.338249683E-1,-3.970651627E-1
2.008120016E1,-1.058171391E-1,-1.451854706E-1,-7.539520264E-1
2.010009735E1,9.502923489E-2,2.512974739E-1,-9.133996964E-1
2.011899526E1,9.478482604E-2,1.451206207E-2,-5.357723236E-1
2.013789245E1,-8.209049702E-2,-1.422264576E-1,1.609716415E-1
2.015679032E1,1.528146863E-2,-4.903030396E-2,6.055078506E-1
2.017568787E1,9.835427999E-2,-5.136752129E-2,5.367403030E-1
2.019458537E1,5.168619752E-2,-1.166100502E-1,1.132993698E-1
2.021348292E1,3.161001205E-2,-9.206724167E-2,-3.262300491E-1
2.023238047E1,-2.992734313E-2,-4.418921471E-2,-4.494066238E-1
2.025127797E1,-4.744613171E-2,-2.797102928E-2,-4.120359421E-1
2.027017553E1,3.069907427E-3,-1.617956161E-2,-3.343744278E-1
2.028907308E1,6.458371878E-3,4.961323738E-2,-1.519193649E-1
2.030797058E1,-3.680157661E-2,1.269507408E-2,-5.269145966E-2
2.032686813E1,-3.411817551E-2,3.253316879E-2,-1.951532364E-1
2.034576563E1,2.419275045E-1,1.451618671E-1,-6.985759735E-2
2.036466318E1,-1.690255404E-1,-1.467559338E-1,-1.125211716E-1
2.038356073E1,-9.949174523E-2,-5.495071411E-2,7.344827652E-1
2.040245828E1,-1.564530015E0,-1.781832218E0,2.237443924E-1
2.042135579E1,-1.471108794E0,-1.214081645E0,-3.122901917E-2
2.044025334E1,-5.417987704E-1,-4.017920494E-1,9.208774567E-2
2.045915084E1,1.158019602E-1,4.387283325E-2,1.486454010E-1
2.047804839E1,5.065358281E-1,2.496068478E-1,5.207481384E-1
2.049694594E1,4.216604829E-1,2.629771233E-1,9.954547882E-1
2.051584344E1,-1.301714480E-1,6.334972382E-2,8.085985184E-1
2.053474099E1,-3.326994777E-1,-5.308485031E-2,9.541893005E-1
2.055363855E1,4.077373743E-1,1.671042442E-1,1.123569489E0
2.057253605E1,2.030991614E-1,2.618072033E-1,-3.567714691E-1
2.059143360E1,-2.659723163E-2,4.100527763E-1,-2.009338379E0
2.061033115E1,1.492733002E0,1.229938269E0,-1.322318554E0
2.062922865E1,2.183468103E0,1.595090628E0,2.193250656E-1
2.064812620E1,-2.956789732E-1,-1.251530647E-2,2.282953262E-1
2.066702375E1,-4.857806265E-1,-6.693606377E-1,5.396881104E-1
2.068592125E1,-5.326050520E-2,-2.786424160E-1,6.270494461E-1
2.070481881E1,-1.548980474E-1,-1.007595062E-1,1.709108353E-1
2.072371636E1,1.980780363E-1,4.463195801E-3,-2.498874664E-1
2.074261386E1,4.337933660E-1,1.921010017E-1,-4.705963135E-1
2.076151141E1,2.219946384E-1,1.573505402E-1,-3.140459061E-1
2.078040896E1,-1.444005966E-2,-1.653933525E-1,-1.499118805E-1
2.079930646E1,1.779904962E-1,-1.957504749E-1,1.178846359E-1
2.081820401E1,-2.305188179E-1,-1.940479279E-1,-3.289499283E-1
2.083710151E1,-6.261993647E-1,-4.363780022E-1,-5.835275650E-1
2.085599907E1,-4.847815037E-1,-3.843080997E-1,-3.677215576E-1
2.087489662E1,-3.334282637E-1,-8.044171333E-2,-2.980737686E-1
2.089379417E1,-1.283733845E-1,6.550002098E-2,-1.654386520E-1
2.091269167E1,2.717183828E-1,1.330163479E-1,1.446685791E-1
2.093158922E1,2.390010357E-1,1.503407955E-1,1.822433472E-1
2.095048672E1,1.839661598E-2,1.487383842E-1,1.650323868E-1
2.096938428E1,-1.718343496E-1,1.150462627E-1,2.549362183E-1
2.098828183E1,-1.536324024E-1,1.662189960E-1,7.551908493E-1
2.100717933E1,-1.148726940E-1,1.676630974E-1,8.197088242E-1
2.102607688E1,3.575468063E-2,1.239080429E-1,4.897527695E-1
2.104497443E1,2.032443285E-1,1.696879864E-1,-1.417771816E0
2.106387193E1,-1.617099047E-1,-5.383920670E-2,-8.731746674E-2
2.108276948E1,1.267315149E-1,2.119457722E-1,-5.766868591E-3
2.110166704E1,3.040641546E-1,3.091943264E-1,6.290416718E-1
2.112056454E1,5.803081989E-1,5.278477669E-1,1.610904694E0
2.113946209E1,2.050355673E-1,2.201011181E-1,5.359802246E-1
