"Time (s)","Gyroscope x (rad/s)","Gyroscope y (rad/s)","Gyroscope z (rad/s)"
1.254145350E-1,-1.764585078E-1,3.514662385E-1,6.232932806E-1
1.443120350E-1,1.362952888E-1,1.181225851E-1,7.350783348E-1
1.632094830E-1,1.717244387E-1,2.183015347E-1,6.629983187E-1
1.821069830E-1,-1.269798726E-1,4.113292694E-1,4.986804426E-1
2.010044310E-1,-3.096232116E-1,2.274642438E-1,3.624614775E-1
2.199019310E-1,-2.424300015E-1,-2.520508468E-1,2.366269529E-1
2.387994310E-1,-2.173852623E-1,-5.159368515E-1,1.382805556E-1
2.576968790E-1,-3.517716527E-1,-3.534514904E-1,-1.320957206E-2
2.765943790E-1,-5.081485510E-1,8.452598751E-2,-1.946312040E-1
2.954918270E-1,-5.863370299E-1,6.458946466E-1,-2.746522129E-1
3.143893270E-1,-6.486434340E-1,1.085704684E0,-2.996969223E-1
3.332868270E-1,-8.636616468E-1,1.183440208E0,-2.270061076E-1
3.521843270E-1,-1.089675188E0,8.175426722E-1,-1.259872504E-2
3.710817750E-1,-9.662840366E-1,1.114032716E-1,9.857547283E-2
3.899792750E-1,-8.050203323E-1,-4.963897467E-1,4.237752780E-2
4.088767750E-1,-6.535302401E-1,-7.309551239E-1,2.283041552E-2
4.277742750E-1,-4.580591023E-1,-7.132405043E-1,1.340046227E-1
4.466717230E-1,-3.438306451E-1,-7.016344070E-1,3.300865889E-1
4.655692230E-1,-2.454842478E-1,-1.005225539E0,4.986804426E-1
4.844667230E-1,-2.876327038E-1,-1.398687482E0,3.887279332E-1
5.033642230E-1,-7.769213319E-1,-1.621035933E0,-2.542651631E-2
5.222617230E-1,-1.454350948E0,-1.862320542E0,-1.506502032E-1
5.411591710E-1,-1.439079762E0,-2.229439735E0,1.645469815E-1
5.600566710E-1,-9.339091182E-1,-2.466448545E0,4.284330010E-1
5.789541710E-1,-8.758786321E-1,-2.461561680E0,3.691807985E-1
5.978516710E-1,-1.745725155E0,-2.578233480E0,2.891598344E-1
6.167491710E-1,-2.721324444E0,-3.281929493E0,5.280010700E-1
6.356466710E-1,-2.766527176E0,-4.761477947E0,1.037447691E0
6.545441710E-1,-2.266854286E0,-6.471926689E0,1.675172210E0
6.734416190E-1,-2.126282930E0,-7.526248932E0,2.474236727E0
6.923391190E-1,-2.635195017E0,-6.590431213E0,3.206031799E0
7.112366190E-1,-2.825779438E0,-3.999140739E0,3.118069887E0
7.301341190E-1,-2.120785236E0,-2.269755602E0,2.615342617E0
7.490316190E-1,-1.452518463E0,-1.762141585E0,2.721019030E0
7.679291190E-1,-1.291254759E0,-1.801846743E0,3.337363958E0
7.868266190E-1,-1.505662084E0,-1.526965380E0,3.763735294E0
8.057241190E-1,-1.022481918E0,-1.610040665E0,3.698374748E0
8.246216190E-1,5.810684562E-1,-2.205005884E0,3.335531473E0
8.435191190E-1,1.966470003E0,-2.620382071E0,2.899386406E0
8.624166190E-1,2.338475943E0,-2.128649950E0,2.670318842E0
8.813141190E-1,1.751451850E0,-8.128086329E-1,2.661767006E0
9.002116190E-1,9.842276573E-1,4.223245382E-1,2.336796284E0
9.191091190E-1,7.472189069E-1,8.193752170E-1,1.790622354E0
9.380066190E-1,1.015991688E0,6.813237667E-1,1.129685640E0
9.569041190E-1,1.591409802E0,2.830513418E-1,3.893387616E-1
9.758016190E-1,1.885227323E0,8.574768156E-2,1.706554592E-1
9.946991190E-1,9.243646264E-1,-5.006656647E-1,4.559211135E-1
1.013596566E0,-9.540670514E-1,-9.844567180E-1,7.613447309E-1
1.032494119E0,-1.000491500E0,-6.478798985E-1,8.835142255E-1
1.051391619E0,1.326302141E-1,-8.983272314E-1,8.633562326E-1
1.070288806E0,6.653653979E-1,-1.191610336E0,6.703284979E-1
1.089186619E0,6.164975762E-1,-4.517979026E-1,7.246938944E-1
1.108084119E0,5.651864409E-1,1.083490327E-1,5.426614285E-1
1.126981619E0,4.178958833E-1,-1.298813969E-1,1.114032716E-1
1.145879119E0,1.680593491E-1,-4.426352084E-1,-1.836359501E-1
1.164776619E0,-2.833567858E-1,-7.492805123E-1,-2.544942498E-1
1.183674119E0,-6.950678229E-1,-4.878378808E-1,-2.115058713E-2
1.202571619E0,-9.198595881E-1,9.674293548E-2,3.251998127E-1
1.221469119E0,-8.691592813E-1,8.480850458E-1,8.328138590E-1
1.240366619E0,-9.094752073E-1,1.093034863E0,6.465054750E-1
1.259264119E0,-8.477796316E-1,5.964159966E-1,-2.312820405E-1
1.278161619E0,-5.331932902E-1,-3.031329438E-2,-1.158624530E0
1.297059119E0,-5.851153135E-1,3.392492831E-1,-1.172674060E0
1.315956619E0,-8.435037136E-1,1.077763677E0,-7.603521347E-1
1.334854119E0,-1.404872298E0,1.137015820E0,-3.784962296E-1
1.353751619E0,-5.924454927E-1,5.060105920E-1,-5.800758004E-1
1.372649119E0,1.674485058E-1,-1.087689877E0,-1.123195410E0
1.391546671E0,2.383067906E-1,-1.347987175E0,-1.218487620E0
1.410444119E0,4.650074616E-2,-8.531245589E-1,-9.723161459E-1
1.429341671E0,1.472905427E-1,-9.923977256E-1,-8.189934492E-1
1.448239171E0,7.502731681E-1,-1.935622215E0,-1.002247691E0
1.467136671E0,1.682426095E0,-2.995442152E0,-1.361425877E0
1.486034171E0,2.036106586E0,-3.091956139E0,-1.462215662E0
1.504931671E0,1.809482336E0,-2.520813942E0,-1.340656996E0
1.523829171E0,1.750840902E0,-2.404752970E0,-1.300951958E0
1.542726671E0,1.943257809E0,-2.511040449E0,-1.470767498E0
1.561624171E0,1.888892412E0,-2.054737568E0,-1.349208832E0
1.580521671E0,2.372683525E0,-2.046796560E0,-6.503996253E-1
1.599419171E0,3.273759604E0,-2.609997511E0,2.292967886E-1
1.618316671E0,3.587124109E0,-2.082836390E0,7.717291713E-1
1.637214171E0,2.370851040E0,-5.281538367E-1,8.419765830E-1
1.656111723E0,1.190083146E0,2.781645656E-1,-1.262163222E-1
1.675009223E0,8.620582223E-1,1.273234725E0,-1.352263093E0
1.693906723E0,-6.822400093E-1,2.165758848E0,-1.295454383E0
1.712804223E0,-2.497143507E0,2.186527729E0,4.858526289E-1
1.731701723E0,-3.453730345E0,2.510887623E0,1.859648108E0
1.750599223E0,-4.216678619E0,3.488243341E0,2.174310923E0
1.769496723E0,-4.173308372E0,4.907317638E0,2.514552832E0
1.788394223E0,-2.470266342E0,3.245736837E0,2.267770529E0
1.807291723E0,-4.855472147E-1,1.176720858E0,1.884692907E0
1.826189223E0,1.869956106E-1,1.446715355E0,2.835247517E0
1.845086723E0,3.550549597E-2,1.619661450E0,4.190106869E0
1.863984223E0,-3.157316744E-1,8.096016645E-1,5.346517086E0
1.882881723E0,-7.152257562E-1,-1.763057858E-1,5.966526985E0
1.901779275E0,-7.140040994E-1,-6.796439290E-1,4.668400288E0
1.920676775E0,-4.122455418E-1,1.040501952E0,1.445493698E0
1.939574275E0,-1.757331252E0,1.506578445E0,-6.711684465E-1
1.958471775E0,-3.478775024E0,2.245169163E0,-6.167266369E-1
1.977369275E0,-3.776257753E0,3.647063494E0,-1.318055630E0
1.996266775E0,-2.706053257E0,1.409453750E0,-1.178171635E0
2.015164275E0,-2.027936459E0,5.276193097E-2,-9.252808690E-1
2.034061775E0,-2.102459908E0,-4.609606266E-1,-1.074938416E0
2.052959275E0,-2.371309042E0,-1.016220808E0,-9.998042583E-1
2.071856775E0,-2.340766668E0,-1.730377555E0,-6.308525205E-1
2.090754275E0,-2.172096491E0,-4.358929634E0,-3.937674165E-1
2.109651827E0,-1.461681128E0,-8.047302246E0,2.592283189E-1
2.128549327E0,3.103867769E-1,-8.967848778E0,1.733813643E0
2.147446827E0,5.535803437E-1,-4.718718529E0,2.656269312E0
2.166344327E0,-2.412083149E-1,-1.647913218E0,2.631835461E0
2.185241827E0,1.674485058E-1,-2.263036489E0,3.053930759E0
2.204139327E0,8.528954983E-1,-2.702846527E0,2.904273272E0
2.223036827E0,1.449082375E0,-2.685742617E0,1.669063807E0
2.241934014E0,2.228523493E0,-1.449387789E0,3.398601413E-1
2.260831879E0,2.660392523E0,4.115583375E-2,-2.416664511E-1
2.279729379E0,9.268079996E-1,-2.392230630E-1,-2.019613683E-1
2.298626879E0,-1.522155046E0,-1.833610773E0,5.506024361E-1
2.317524379E0,-1.285757065E0,-1.860488057E0,1.402734399E0
2.336421879E0,3.917058185E-2,-4.707341790E-1,1.723429203E0
2.355319379E0,2.114295065E-1,2.794320822E0,1.091813087E0
2.374216931E0,5.291464329E-1,4.320293427E0,6.544464827E-1
2.393114431E0,1.468018651E0,3.605525970E0,9.134457111E-1
2.412011931E0,2.273726225E0,1.550559402E0,3.435252309E-1
2.430909431E0,2.700097561E0,-6.491015553E-1,-3.100813329E-1
2.449806931E0,3.045226336E0,-1.401741743E0,-5.330405831E-1
2.468704431E0,3.378214359E0,-8.940513134E-1,-5.086066723E-1
2.487601931E0,4.222405434E0,-2.813715041E-1,-3.491755724E-1
2.506499483E0,4.984131813E0,8.086090535E-2,-9.933903813E-2
2.525396983E0,3.246882200E0,1.360585928E0,2.806079686E-1
2.544294483E0,7.343910933E-1,2.081462145E0,5.835881829E-1
2.563191983E0,-1.966164559E-1,2.261051178E0,3.251998127E-1
2.582089483E0,6.184828468E-3,2.009382010E0,-2.306711972E-1
2.600986983E0,6.445965767E-1,1.228642941E0,-5.971795321E-1
2.619884535E0,1.208408594E0,2.964899838E-1,-6.271874309E-1
2.638782035E0,1.504058719E0,-6.222242713E-1,-4.829511046E-1
2.657679535E0,1.337297320E0,-1.940203607E-1,-3.601708114E-1
2.676577035E0,4.728721380E-1,1.267126322E0,-2.416664511E-1
2.695474535E0,-1.727934182E-1,6.636092067E-1,-1.805817187E-1
2.714372035E0,-8.605311066E-2,1.138466597E-1,3.077143058E-2
2.733269587E0,-2.363215387E-1,-2.893125415E-1,1.236202121E-1
2.752167087E0,-9.571213126E-1,-6.106181741E-1,-2.691545784E-1
2.771064587E0,-1.723123789E0,-7.993699908E-1,-9.912523627E-1
2.789962087E0,-2.007167816E0,-6.539883614E-1,-1.347987175E0
2.808859587E0,-2.256469727E0,-2.520508468E-1,-1.250862479E0
2.827757087E0,-3.086000443E0,-6.973584890E-1,-9.949174523E-1
2.846654639E0,-3.893540382E0,-1.386470556E0,-6.913263798E-1
2.865552139E0,-3.758543253E0,-8.500702977E-1,-3.791070879E-1
2.884449639E0,-2.955279112E0,-8.040276915E-2,-2.263952643E-1
2.903347139E0,-1.917984009E0,-1.665322334E-1,-1.469851285E-1
2.922244639E0,-1.293087244E0,-9.740723372E-1,-1.390441060E-1
2.941142139E0,-1.607673645E0,-1.505585790E0,-2.770955861E-1
2.960039691E0,-2.392077923E0,-1.354706526E0,-3.100813329E-1
2.978937191E0,-2.471487999E0,-1.226428628E0,-1.738623977E-1
2.997834691E0,-1.766493917E0,-1.690061688E0,-2.880908251E-1
3.016732191E0,-8.514447212E-1,-2.650924444E0,-8.684720993E-1
3.035629691E0,-1.367534250E-1,-3.465794563E0,-1.564837933E0
3.054527244E0,5.499152541E-1,-3.526268482E0,-2.017475843E0
3.073424744E0,1.433200359E0,-2.542804480E0,-2.002815485E0
3.092322244E0,2.074589968E0,-1.070586205E0,-1.753589749E0
3.111219744E0,2.508291483E0,1.541625708E-1,-1.254527569E0
3.130117244E0,2.820434570E0,8.224294782E-1,-5.611395836E-1
3.149014744E0,2.061762094E0,1.023398280E0,-7.673768699E-2
3.167912296E0,-1.447020769E0,-1.967997193E0,1.327829212E-1
3.186809796E0,-2.357259512E0,-6.918608546E-1,1.834603429E0
3.205707296E0,-6.254312396E-1,2.716132402E0,3.789391041E0
3.224604796E0,6.464291215E-1,3.289717913E0,3.412498236E0
3.243502296E0,1.457023382E0,1.203598142E0,1.390517473E0
3.262399796E0,2.056264639E0,-1.561172843E0,-1.773136854E0
3.281297348E0,2.498517990E0,-1.981435776E0,-3.253830671E0
3.300194848E0,2.558381081E0,-4.316399395E-1,-3.227564096E0
3.319092348E0,2.383678675E0,1.534066558E0,-2.701013803E0
3.337989848E0,2.209587336E0,3.290328741E0,-2.193399906E0
3.356887348E0,2.443541765E0,5.171203613E0,-1.621646762E0
3.375784900E0,2.858917952E0,4.898155212E0,-9.967499971E-1
3.394682400E0,1.717244387E0,1.989224076E0,-4.707341790E-1
3.413579900E0,4.007921517E-1,4.278221428E-1,7.536327839E-2
3.432477400E0,-2.124984860E-1,6.361210346E-1,2.470113635E-1
3.451374900E0,-3.474193811E-2,1.292781830E0,1.028514057E-1
3.470272400E0,4.918083847E-1,1.667918444E0,-4.046862945E-3
3.489169587E0,8.797727823E-1,1.535899043E0,3.810159862E-2
3.508067452E0,1.053864241E0,6.599441171E-1,-9.544488043E-3
3.526964952E0,1.067913771E0,-3.003077805E-1,-2.428881377E-1
3.545862452E0,6.580352187E-1,-5.593070388E-1,-5.226562023E-1
3.564759952E0,-1.459161341E-1,-6.574243307E-2,-5.641937852E-1
3.583657452E0,-7.249993682E-1,1.977618039E-2,-5.812975168E-1
3.602555004E0,-1.288200498E0,-7.694385052E-1,-9.191724062E-1
3.621452504E0,-1.717626095E0,-5.874059796E-1,-1.479319334E0
3.640350004E0,-1.827578664E0,2.060845941E-1,-1.721825719E0
3.659247504E0,-2.236922741E0,-6.985802054E-1,-1.563005447E0
3.678145004E0,-2.819060087E0,-1.536128163E0,-1.183669329E0
3.697042556E0,-3.042019367E0,-1.098150611E0,-8.580876589E-1
3.715940056E0,-2.966274261E0,-6.387171745E-1,-6.583406329E-1
3.734837556E0,-2.621145487E0,-3.058054149E-1,-3.424562514E-1
3.753735056E0,-2.292509794E0,-1.170536056E-1,9.613208473E-2
3.772632556E0,-2.094518900E0,-2.575484812E-1,3.282540441E-1
3.791530108E0,-1.971127748E0,-1.038822174E0,2.305184901E-1
3.810427608E0,-1.905156255E0,-2.017475843E0,-3.031329438E-2
3.829325108E0,-1.951580644E0,-3.099897146E0,-4.719558656E-1
3.848222608E0,-1.745114207E0,-3.903848410E0,-8.776348233E-1
3.867120108E0,-9.882745147E-1,-3.938055992E0,-1.206881523E0
3.886017608E0,-8.727480471E-2,-3.373556614E0,-1.311947227E0
3.904915160E0,5.517477989E-1,-2.726058722E0,-1.065775752E0
3.923812660E0,1.063637733E0,-2.001593828E0,-6.784985662E-1
3.942710160E0,1.431367874E0,-1.167176366E0,-4.139253795E-1
3.961607660E0,1.810703993E0,-1.524827480E-1,-3.546731770E-1
3.980505212E0,2.270672083E0,1.353866577E0,-2.263952643E-1
3.999402712E0,1.734958887E0,2.277544022E0,-5.141043067E-1
4.018300212E0,3.360423446E-1,1.218258500E0,-7.359182239E-1
4.037197712E0,-3.352024406E-2,-5.092175603E-1,2.164690048E-1
4.056095212E0,-3.535278514E-2,-1.493979692E0,2.525089979E-1
4.074992712E0,-9.901070595E-1,-1.082192302E0,-7.182036638E-1
4.093890264E0,-8.911498189E-1,2.482330501E-1,-1.008356094E0
4.112787764E0,2.181488276E-1,1.381354690E0,6.251258254E-1
4.131685264E0,5.602996349E-1,1.416172981E0,1.075320244E0
4.150582764E0,6.928535104E-1,1.261017799E0,1.138237476E0
4.169480316E0,1.083184958E0,2.003273487E0,1.570106506E0
4.188377816E0,1.425259352E0,3.650117874E0,2.465684891E0
4.207275316E0,1.582247138E0,4.371604919E0,3.163883448E0
4.226172816E0,9.768974781E-1,2.190192938E0,2.311751366E0
4.245070369E0,6.678087711E-1,-7.737144232E-1,-2.459423840E-1
4.263967869E0,1.226123214E0,-8.885536790E-1,-1.751757264E0
4.282865369E0,1.962194085E0,4.174377322E-1,-1.623479247E0
4.301762869E0,3.223670006E0,3.634235859E0,-4.505762160E-1
4.320660421E0,2.215084791E0,4.215151310E0,2.402920425E-1
4.339557921E0,9.530744553E-1,2.201798916E0,1.488940232E-2
4.358455421E0,1.136939451E-1,7.546254396E-1,-6.940752268E-2
4.377352921E0,1.473669056E-2,7.784484625E-1,-7.711946499E-3
4.396250473E0,5.548020005E-1,1.204819918E0,1.370588541E-1
4.415147973E0,1.020267606E0,1.242081523E0,3.618506491E-1
4.434045473E0,1.303700805E0,4.540885687E-1,4.272113144E-1
4.452942973E0,1.235285878E0,-2.343362868E-1,3.856737018E-1
4.471840525E0,4.911975563E-1,-1.317139417E-1,3.545204699E-1
4.490738025E0,-3.352787793E-1,3.172588050E-1,2.262425572E-1
4.509635525E0,-4.672217965E-1,5.286119580E-1,-1.146102175E-1
4.528533025E0,-3.657447919E-2,8.541935086E-1,-2.630461156E-1
4.547430577E0,3.598653972E-1,6.440621018E-1,-1.604237556E-1
4.566328077E0,3.184041381E-2,-2.807606757E-1,-1.518719047E-1
4.585225577E0,-7.439355850E-1,-1.090133309E0,-6.351284385E-1
4.604123077E0,-1.225894094E0,-1.748703003E0,-1.319277406E0
4.623020629E0,-1.220396519E0,-1.627755284E0,-1.550177574E0
4.641918129E0,-1.239943624E0,-1.077305555E0,-1.440225124E0
4.660815629E0,-1.999226689E0,-1.778023601E0,-1.201994658E0
4.679713129E0,-2.762251377E0,-2.040688038E0,-9.191724062E-1
4.698610681E0,-2.922904253E0,-1.168398142E0,-8.586985469E-1
4.717508181E0,-2.782409191E0,-8.763367534E-1,-8.177717924E-1
4.736405681E0,-2.441556454E0,-1.254527569E0,-6.051205397E-1
4.755303233E0,-2.143997431E0,-1.519024372E0,-5.336514115E-1
4.774200733E0,-1.864229441E0,-1.661962628E0,-6.093965173E-1
4.793098233E0,-1.366388917E0,-2.079171419E0,-6.583406329E-1
4.811995733E0,-4.922665358E-1,-2.873883724E0,-7.438592315E-1
4.830893285E0,1.570640951E-1,-3.500002146E0,-9.827005267E-1
4.849790785E0,2.700708508E-1,-4.066333771E0,-1.352263093E0
4.868688285E0,3.256579340E-1,-3.830546856E0,-1.508029222E0
4.887585785E0,5.169295073E-1,-2.860445023E0,-1.459161401E0
4.906483337E0,7.582141757E-1,-1.839719176E0,-1.314390540E0
4.925380837E0,1.086239100E0,-8.036459088E-1,-1.136023164E0
4.944278337E0,1.497950196E0,8.758022636E-2,-9.118422270E-1
4.963175837E0,1.833916187E0,8.657996058E-1,-6.381826997E-1
4.982073389E0,2.019613743E0,1.483977079E0,-3.986541927E-1
5.000970889E0,2.006175041E0,2.130329847E0,-2.783172727E-1
5.019868389E0,1.480235577E0,2.226232767E0,-2.447206825E-1
5.038765889E0,6.201626658E-1,9.989643097E-1,1.779856235E-1
5.057663441E0,8.987089992E-2,-2.850365937E-1,5.127299428E-1
5.076560941E0,-2.803025246E-1,-2.960318625E-1,1.223985180E-1
5.095458441E0,-5.619031191E-1,9.623134732E-1,-1.188861504E-1
5.114355941E0,-6.071057916E-1,1.325156808E0,4.272113144E-1
5.133253494E0,-6.712448001E-1,4.149943590E-1,4.424824715E-1
5.152150994E0,-3.279486299E-1,4.259895980E-1,5.799230933E-1
5.171048494E0,1.344627589E-1,6.666634083E-1,8.413657546E-1
5.189946046E0,6.977402568E-1,1.878049850E0,1.427779078E0
5.208843546E0,1.072189689E0,3.251234531E0,2.147433519E0
5.227741046E0,1.329967141E0,4.671530724E0,2.808370352E0
5.246638546E0,8.962656260E-1,4.448571682E0,2.948254347E0
5.265536098E0,-2.467059344E-1,1.241470695E0,1.640353918E0
5.284433598E0,-2.277696729E-1,-8.323557377E-1,-6.351284385E-1
5.303331098E0,7.038487792E-1,-2.239518762E-1,-1.758476496E0
5.322228650E0,2.377570152E0,2.268381357E0,-1.184890985E0
5.341126150E0,2.830818892E0,4.183387280E0,-1.921878159E-1
5.360023650E0,1.125944257E0,4.243861198E0,-1.555369794E-1
5.378921150E0,-3.407764137E-1,1.942799687E0,-6.124507189E-1
5.397818702E0,-3.163425326E-1,1.116247058E0,-5.947361588E-1
5.416716202E0,5.438067913E-1,1.045388699E0,-9.139802307E-2
5.435613702E0,7.191199064E-1,6.978166103E-1,1.254527569E-1
5.454511254E0,4.533250332E-1,3.844519854E-1,9.613208473E-2
5.473408754E0,5.731274486E-1,3.514662385E-1,1.126249656E-1
5.492306254E0,8.412894011E-1,5.408288836E-1,1.608818918E-1
5.511203806E0,7.771504521E-1,5.689278841E-1,1.095707268E-1
5.530101306E0,4.380538464E-1,5.365529656E-1,-1.097234413E-1
5.548998806E0,8.437328041E-2,6.544464827E-1,-2.893125415E-1
5.567896306E0,-3.290939704E-2,4.565319717E-1,-2.783172727E-1
5.586793858E0,-5.551074445E-2,1.733279042E-2,-2.984752357E-1
5.605691358E0,-2.106659412E-1,-6.057314277E-1,-5.202127695E-1
5.624588858E0,-4.647783935E-1,-1.302173615E0,-1.077381849E0
5.643486410E0,-6.443675160E-1,-1.255138397E0,-1.534295559E0
5.662383910E0,-1.012097597E0,-1.303395391E0,-1.639361382E0
5.681281410E0,-2.110400915E0,-2.357106924E0,-1.320499063E0
5.700178962E0,-2.968106747E0,-2.124984980E0,-6.093965173E-1
5.719076462E0,-3.363935947E0,-7.193490267E-1,-4.463002682E-1
5.737973962E0,-3.351718903E0,-1.689756215E-1,-6.687250137E-1
5.756871514E0,-2.846548319E0,-8.140303493E-1,-5.984012485E-1
5.775769014E0,-2.264410734E0,-2.089555740E0,-3.913240135E-1
5.794666514E0,-2.095129728E0,-2.914810419E0,-2.807606757E-1
5.813564066E0,-2.005335093E0,-2.939855099E0,-1.732515544E-1
5.832461566E0,-1.705409169E0,-2.489660740E0,-2.115058713E-2
5.851359066E0,-1.341344237E0,-2.354052544E0,-1.443126611E-2
5.870256619E0,-9.656731486E-1,-2.935579300E0,-1.207186878E-1
5.889154119E0,-5.942780375E-1,-3.410207510E0,-3.308501542E-1
5.908051671E0,-2.216611952E-1,-3.157927513E0,-5.122717619E-1
5.926949171E0,2.731250823E-1,-2.399255276E0,-4.365267158E-1
5.945846671E0,8.284615874E-1,-1.271020412E0,-2.593810260E-1
5.964744223E0,1.364785433E0,-4.334724844E-1,-1.286597103E-1
5.983641723E0,1.670209169E0,2.036412060E-1,3.443651274E-2
6.002539223E0,1.762447000E0,1.140680909E0,2.494547516E-1
6.021436775E0,1.687923670E0,1.383798122E0,1.932567954E-1
6.040334275E0,1.088071704E0,5.292227864E-1,1.077381819E-1
6.059231775E0,1.869956106E-1,-6.301652789E-1,2.964899838E-1
6.078129327E0,-1.250327945E0,-1.687007427E0,2.830513418E-1
6.097026827E0,-1.416478395E0,6.703284979E-1,6.177956462E-1
6.115924327E0,-3.829248846E-1,2.126053810E0,1.049664617E0
6.134821879E0,2.157054394E-1,2.804705143E0,1.057605624E0
6.153719379E0,3.305447102E-1,3.744799137E0,1.502302527E0
6.172616879E0,3.604762256E-1,3.732582092E0,2.428423166E0
6.191514431E0,8.486195803E-1,1.589119196E0,2.541429996E0
6.210411931E0,1.496117592E0,7.475243509E-2,5.799230933E-1
6.229309483E0,1.809482336E0,5.398362502E-2,-2.844257653E-1
6.248206983E0,2.168660402E0,9.965209365E-1,-8.528954536E-2
6.267104535E0,2.973757267E0,2.184084415E0,-2.970244735E-2
6.286002035E0,3.633548498E0,3.421660900E0,-8.590039611E-2
6.304899535E0,2.737359285E0,3.204810143E0,6.864395738E-2
6.323797087E0,6.806365848E-1,1.966622710E0,1.523300409E-1
6.342694587E0,-5.533512831E-1,1.394182563E0,-2.176143415E-2
6.361592087E0,-8.465579152E-1,1.647149682E0,-3.275668249E-2
6.380489639E0,-5.063160062E-1,1.900040388E0,2.649549954E-2
6.399387139E0,5.566345528E-2,1.657534003E0,-1.198787708E-2
6.418284691E0,6.299362183E-1,1.121744633E0,-2.214321401E-3
6.437182191E0,1.136328578E0,5.432722569E-1,1.211768240E-1
6.456079691E0,1.334243178E0,2.543415129E-1,2.769428790E-1
6.474977244E0,1.179698825E0,2.170798481E-1,3.478011489E-1
6.493874744E0,7.850914598E-1,4.259895980E-1,1.859266311E-1
6.512772244E0,2.022667974E-1,7.833352685E-1,-8.322793990E-3
6.531669796E0,-4.152997732E-1,5.707604289E-1,2.672456671E-3
6.550567296E0,-6.852942705E-1,3.321481869E-2,8.780929260E-3
6.569464848E0,-7.225559354E-1,-4.493545294E-1,-1.353790164E-1
6.588362348E0,-8.355627060E-1,-1.425564766E0,-6.888830066E-1
6.607259848E0,-9.424609542E-1,-2.480498075E0,-1.563005447E0
6.626157400E0,-1.003545642E0,-2.383984089E0,-1.765195847E0
6.645054900E0,-1.216120481E0,-1.884311080E0,-1.250862479E0
6.663952452E0,-1.855066776E0,-2.124374151E0,-7.047650218E-1
6.682849952E0,-2.600376844E0,-1.723047376E0,-3.332935274E-1
6.701747452E0,-2.998649120E0,-8.121978045E-1,-5.018873811E-1
6.720645004E0,-2.862430334E0,-4.890595973E-1,-8.189934492E-1
6.739542504E0,-2.253415585E0,-9.923977256E-1,-9.032903910E-1
6.758440056E0,-1.779321671E0,-2.168354988E0,-8.611419201E-1
6.777337556E0,-1.410369992E0,-3.002161503E0,-6.815528274E-1
6.796235056E0,-7.842515111E-1,-3.026595354E0,-4.084277451E-1
6.815132608E0,-2.051683217E-1,-2.786532402E0,-3.864372373E-1
6.834030108E0,-7.933378965E-2,-2.842730522E0,-7.957812548E-1
6.852927660E0,-2.985516004E-2,-3.064467907E0,-1.288124204E0
6.871825160E0,2.218139172E-1,-3.143878222E0,-1.559951186E0
6.890722348E0,5.731274486E-1,-2.682688475E0,-1.547734261E0
6.909620212E0,1.028208613E0,-1.662573576E0,-1.233758807E0
6.928517712E0,1.519329786E0,-5.477009416E-1,-7.682931423E-1
6.947415212E0,1.810703993E0,3.777326643E-1,-4.182012975E-1
6.966312764E0,1.997012377E0,1.395404220E0,-1.201078445E-1
6.985210264E0,2.008618593E0,1.998386860E0,2.329618782E-1
7.004107816E0,1.722131133E0,1.028285027E0,3.465794623E-1
7.023005316E0,1.259108901E0,-8.467870206E-2,4.980695844E-1
7.041902816E0,8.046385646E-1,-1.225512326E-1,5.060105920E-1
7.060800369E0,2.334200144E-1,8.273162842E-1,3.343625069E-1
7.079697869E0,-3.969743550E-1,8.822925091E-1,1.449998617E-1
7.098595369E0,-1.434727460E-1,4.192702770E-1,5.591543317E-1
7.117492921E0,3.067216873E-1,5.310553312E-1,1.062492490E0
7.136390421E0,1.918824017E-1,2.470113635E-1,6.312342882E-1
7.155287973E0,3.207711577E-1,3.997231722E-1,4.162160456E-1
7.174185473E0,5.041016936E-1,1.047221303E0,4.925719500E-1
7.193083025E0,7.130114436E-1,2.004495382E0,1.055773139E0
7.211980525E0,8.107470274E-1,2.920766115E0,1.812002063E0
7.230878025E0,5.890094638E-1,2.956806183E0,2.338017941E0
7.249775577E0,3.928511441E-1,6.068003774E-1,1.536509871E0
7.268673077E0,7.240067124E-1,-1.714190096E-1,-3.204657435E-1
7.287570629E0,1.307365894E0,4.094967246E-1,-9.668185115E-1
7.306468129E0,2.054432154E0,1.357531667E0,-6.069530845E-1
7.325365681E0,2.952377558E0,2.912214279E0,-1.443126611E-2
7.344263181E0,2.019002914E0,2.617785931E0,5.115845706E-3
7.363160681E0,2.480803430E-1,1.302555442E0,-3.229091465E-1
7.382058233E0,-6.663579941E-1,7.998281121E-1,-3.907131851E-1
7.400955733E0,-3.609343767E-1,1.519406199E0,-2.697654068E-1
7.419853285E0,2.364742458E-1,1.696628213E0,-8.345700800E-2
7.438750785E0,3.671955466E-1,9.293277264E-1,1.370588541E-1
7.457648337E0,3.274904788E-1,2.054737508E-1,2.671693265E-1
7.476545837E0,6.427640319E-1,2.561740577E-1,2.525089979E-1
7.495443337E0,1.056918502E0,7.973847389E-1,2.885489762E-1
7.514340889E0,9.952229261E-1,9.097806215E-1,2.018086612E-1
7.533238389E0,2.725142241E-1,5.121190548E-1,2.160872146E-2
7.552135941E0,-3.597126901E-1,4.461475611E-1,-1.671430767E-1
7.571033441E0,-4.818821251E-1,5.884749889E-1,-2.428881377E-1
7.589930994E0,-3.163425326E-1,4.125509560E-1,-1.408766508E-1
7.608828494E0,-2.045574784E-1,-1.616454571E-1,-1.292705536E-1
7.627726046E0,-2.906869352E-1,-1.253305912E0,-5.189911127E-1
7.646623546E0,-3.084014952E-1,-1.923405290E0,-1.137244940E0
7.665521046E0,-1.495812237E-1,-1.411515355E0,-1.478708506E0
7.684418598E0,-4.947099090E-1,-1.155570269E0,-1.530019641E0
7.703316098E0,-1.701744080E0,-2.333283901E0,-1.276518106E0
7.722213650E0,-2.760418653E0,-2.139034271E0,-7.346965671E-1
7.741111150E0,-3.130592108E0,-9.606336951E-1,-5.183802843E-1
7.760008702E0,-3.090887070E0,-3.797179163E-1,-6.925480962E-1
7.778906202E0,-2.802567244E0,-9.844567180E-1,-7.291989326E-1
7.797803754E0,-2.334047318E0,-2.135980129E0,-5.263212919E-1
7.816701254E0,-1.826357007E0,-2.799971104E0,-3.503972590E-1
7.835598806E0,-1.263766646E0,-2.851893187E0,-2.783172727E-1
7.854496306E0,-8.294542432E-1,-2.732777834E0,-4.059843719E-1
7.873393806E0,-6.071057916E-1,-2.724836826E0,-6.026771665E-1
7.892291358E0,-3.450523317E-1,-3.314304590E0,-8.922951221E-1
7.911188858E0,6.604786217E-2,-3.745562792E0,-1.190388560E0
7.930086410E0,5.138752460E-1,-3.354009628E0,-1.303395391E0
7.948983910E0,8.400676847E-1,-2.298465490E0,-1.194664478E0
7.967881462E0,1.115559816E0,-1.350430608E0,-9.148964882E-1
7.986778962E0,1.357455373E0,-5.507551432E-1,-6.326850653E-1
8.005676514E0,1.546818018E0,3.288649023E-1,-5.214344859E-1
8.024574014E0,1.674485087E0,1.222534418E0,-4.243097901E-1
8.043471514E0,1.799097896E0,1.917144179E0,-2.337254286E-1
8.062369066E0,1.896222591E0,2.370392799E0,-7.551599294E-2
8.081266566E0,1.420372605E0,1.909203053E0,-1.992889121E-2
8.100164119E0,5.743491650E-1,5.848098993E-1,3.887279332E-1
8.119061619E0,2.932830453E-1,1.712663025E-1,5.298336148E-1
8.137959171E0,1.564532518E-1,3.636831939E-1,1.963110417E-1
8.156856671E0,1.020878479E-1,1.871483326E-1,2.466295846E-2
8.175754223E0,3.733803704E-2,5.506024361E-1,4.192702770E-1
8.194651723E0,-2.509818673E-1,9.433772564E-1,7.106444240E-1
8.213549223E0,-3.365004957E-1,4.369848669E-1,5.316661596E-1
8.232446775E0,-2.796916962E-1,4.125509560E-1,5.157841444E-1
8.251344275E0,-9.643751383E-2,1.180385947E0,7.552362680E-1
8.270241827E0,2.370850891E-1,2.565863848E0,1.380133033E0
8.289139379E0,5.132644176E-1,3.925609827E0,2.248834133E0
8.308036879E0,4.716504514E-1,4.103977203E0,2.708191395E0
8.326934379E0,-1.756185899E-3,1.283619165E0,1.742976308E0
8.345831931E0,2.712925375E-1,-8.696174026E-1,-3.076379597E-1
8.364729431E0,1.039814711E0,-3.681118190E-1,-1.113421798E0
8.383626983E0,1.969524264E0,1.149232745E0,-4.120928347E-1
8.402524483E0,2.854641914E0,3.101577044E0,3.697916567E-1
8.421422035E0,1.673263311E0,3.044768095E0,2.555632293E-1
8.440319535E0,9.170344472E-2,1.450380445E0,-3.571165800E-1
8.459217087E0,-7.616502047E-1,7.961630225E-1,-3.687226772E-1
8.478114587E0,-3.419981003E-1,1.700293303E0,-1.964637488E-1
8.497012139E0,4.032355547E-1,2.148044348E0,-2.053973824E-2
8.515909639E0,7.918107510E-1,1.755880475E0,2.073062956E-1
8.534807139E0,8.052493930E-1,7.882220149E-1,4.302655458E-1
8.553704691E0,6.861341596E-1,-1.262163222E-1,5.151733160E-1
8.572602191E0,5.822901726E-1,-1.897444278E-1,3.673482835E-1
8.591499744E0,3.519243896E-1,3.209238648E-1,1.779856235E-1
8.610397244E0,2.634278871E-2,9.329928160E-1,2.290677221E-4
8.629294796E0,-1.373642832E-1,1.133350730E0,-1.763057858E-1
8.648192296E0,-7.383616269E-2,8.364789486E-1,-2.783172727E-1
8.667089848E0,1.014770046E-1,5.561000705E-1,-3.825430945E-2
8.685987348E0,2.065427303E-1,1.388913989E-1,5.337277800E-2
8.704884900E0,5.322006717E-2,-6.271110773E-1,-3.357369304E-1
8.723782400E0,-1.587439328E-1,-9.844567180E-1,-9.155073166E-1
8.742679900E0,-3.016822040E-1,-5.495334864E-1,-1.306449533E0
8.761577452E0,-5.264739990E-1,-4.395809472E-1,-1.311947227E0
8.780474952E0,-1.316299438E0,-1.444501042E0,-1.261857748E0
8.799372504E0,-2.471487999E0,-2.423689127E0,-1.099983215E0
8.818270004E0,-3.164188862E0,-1.891030431E0,-8.861866593E-1
8.837167556E0,-3.362103224E0,-1.045541406E0,-9.576557875E-1
8.856065056E0,-3.128148794E0,-7.492805123E-1,-9.051229358E-1
8.874962608E0,-2.444610834E0,-1.398687482E0,-6.565080881E-1
8.893860108E0,-1.775045753E0,-2.265479803E0,-4.817294180E-1
8.912757660E0,-1.468400478E0,-2.600224018E0,-4.927246571E-1
8.931655160E0,-1.197184324E0,-2.716284990E0,-5.861843228E-1
8.950552712E0,-8.490013480E-1,-2.614884377E0,-6.357392669E-1
8.969450212E0,-4.354577363E-1,-2.766985416E0,-7.359182239E-1
8.988347764E0,2.817532979E-2,-3.104172945E0,-9.558232427E-1
9.007245264E0,4.020138383E-1,-3.129217863E0,-1.180615067E0
9.026142816E0,6.824691296E-1,-2.682077646E0,-1.230704546E0
9.045040316E0,8.736643195E-1,-2.098107576E0,-1.153737783E0
9.063937869E0,1.038593054E0,-1.497033954E0,-9.619317055E-1
9.082835369E0,1.281710267E0,-9.740723372E-1,-7.401941419E-1
9.101732921E0,1.568808436E0,-3.589491248E-1,-5.715239644E-1
9.120630421E0,1.787491798E0,4.895177186E-1,-4.224772453E-1
9.139527973E0,1.895000935E0,1.350201488E0,-2.001288384E-1
9.158425473E0,1.936538577E0,2.031372547E0,8.147175610E-2
9.177323025E0,1.824753523E0,2.463241577E0,3.343625069E-1
9.196220525E0,1.100899458E0,1.900040388E0,2.928248942E-1
9.215118077E0,1.973800212E-1,-9.994988143E-2,3.215347230E-1
9.234015577E0,-7.872293890E-2,-7.688276172E-1,2.262425572E-1
9.252913077E0,5.573981442E-3,9.613208473E-2,-1.744732410E-1
9.271810629E0,2.034884989E-1,7.020925879E-1,-2.294494957E-1
9.290708181E0,4.344651103E-2,4.791333079E-1,5.811448097E-1
9.309605681E0,-9.229138494E-1,-2.237228118E-2,6.678851247E-1
9.328503233E0,-1.019427776E0,-4.802786559E-2,4.980695844E-1
9.347400733E0,-6.419241428E-1,3.532987833E-1,6.025244594E-1
9.366298285E0,-1.373642832E-1,1.270791411E0,8.859575987E-1
9.385195785E0,3.183277845E-1,2.846242905E0,1.565830588E0
9.404093337E0,5.376983285E-1,3.987916231E0,2.386274815E0
9.422990837E0,5.548020005E-1,4.113750935E0,2.890834570E0
9.441888389E0,2.230356038E-1,8.651887774E-1,1.791233182E0
9.460785889E0,4.258368909E-1,-9.307021499E-1,-5.843517780E-1
9.479683441E0,1.086239100E0,3.080960810E-1,-9.943066239E-1
9.498580941E0,2.520508528E0,2.138881683E0,-4.986040667E-2
9.517478494E0,3.076379538E0,3.118680716E0,5.212817788E-1
9.536375994E0,1.792378545E0,2.546316862E0,1.981435865E-1
9.555273546E0,2.370850891E-1,1.096699953E0,-4.004867375E-1
9.574171046E0,-5.063160062E-1,8.676321507E-1,-4.670690894E-1
9.593068598E0,-2.448733896E-1,1.833458066E0,-3.247416615E-1
9.611966098E0,3.244362473E-1,2.167591572E0,-1.708081663E-1
9.630863650E0,6.818582416E-1,1.465040803E0,-2.725905925E-2
9.649761150E0,6.006155610E-1,3.661265671E-1,1.376696974E-1
9.668658702E0,5.902311802E-1,-1.005607322E-1,2.555632293E-1
9.687556202E0,7.020162344E-1,2.290677221E-4,2.164690048E-1
9.706453754E0,5.450284481E-1,3.227564096E-1,9.491039068E-2
9.725351254E0,1.601183414E-1,7.631772757E-1,-1.231620759E-1
9.744248806E0,-8.238802105E-2,9.922450185E-1,-3.473430276E-1
9.763146358E0,-6.894938648E-2,6.483380198E-1,-3.852155507E-1
9.782043858E0,6.116108224E-2,1.645469815E-1,-1.995179802E-1
9.800941410E0,1.167481840E-1,-2.404447496E-1,-2.178433985E-1
9.819838910E0,-3.779617324E-2,-8.494594693E-1,-6.626165509E-1
9.838736462E0,-1.758476496E-1,-8.531245589E-1,-1.216044188E0
9.857633962E0,-2.876327038E-1,-4.811185598E-1,-1.402352571E0
9.876531514E0,-9.235246778E-1,-1.212379098E0,-1.405406833E0
9.895429014E0,-2.277849436E0,-2.776758909E0,-1.158013701E0
9.914326566E0,-3.381039619E0,-2.301519871E0,-7.908945084E-1
9.933224066E0,-3.764040709E0,-1.040043831E0,-7.377507687E-1
9.952121619E0,-3.704788685E0,-1.793600321E-1,-7.976137996E-1
9.971019119E0,-3.228327751E0,-6.826981902E-1,-6.699467301E-1
9.989916671E0,-2.582662106E0,-2.190345526E0,-5.043307543E-1
1.000881417E1,-2.085967064E0,-3.366837263E0,-3.882697821E-1
1.002771172E1,-1.738394976E0,-3.272766829E0,-1.946312040E-1
1.004660922E1,-1.520933270E0,-2.702235460E0,-7.979192585E-2
1.006550678E1,-1.208790421E0,-2.349776745E0,-1.097234413E-1
1.008440428E1,-7.616502047E-1,-2.498212576E0,-2.453315258E-1
1.010330183E1,-2.424300015E-1,-3.053472757E0,-5.092175603E-1
1.012219933E1,1.155264899E-1,-2.996664047E0,-7.896727920E-1
1.014109688E1,4.209501147E-1,-2.333283901E0,-8.709154725E-1
1.015999438E1,8.284615874E-1,-1.291178346E0,-7.579087615E-1
1.017889193E1,1.306754947E0,-3.436779380E-1,-5.385382175E-1
1.019778943E1,1.704416513E0,4.858526289E-1,-3.003077805E-1
1.021668698E1,1.951198816E0,1.317826629E0,-1.408766508E-1
1.023558448E1,2.116127729E0,2.030150890E0,6.986565888E-2
1.025448204E1,2.195537806E0,2.594573736E0,3.746784329E-1
1.027337954E1,1.659213901E0,2.207907438E0,4.094967246E-1
1.029227709E1,7.698202729E-1,3.435252309E-1,6.275691986E-1
1.031117459E1,1.057529300E-1,-8.097543716E-1,9.030613303E-1
1.033007214E1,-5.704549551E-1,2.390703410E-1,8.315922022E-1
1.034896969E1,-1.449464202E0,9.085589647E-1,4.864634871E-1
1.036786719E1,-1.601565123E0,-4.499653578E-1,-4.609606266E-1
1.038676469E1,-6.773532629E-1,-4.375193641E-2,-3.436779380E-1
1.040566224E1,8.803836256E-2,1.246968269E0,2.347944081E-1
1.042455980E1,7.154548764E-1,2.545095205E0,1.303777099E0
1.044345730E1,7.918107510E-1,3.693487883E0,2.510887623E0
1.046235485E1,6.781931520E-1,3.931718349E0,3.343472481E0
1.048125235E1,8.058602214E-1,1.154730439E0,2.183473587E0
1.050014990E1,8.901571631E-1,-1.127776727E-1,-4.768426418E-1
1.051904740E1,1.215127945E0,5.841990709E-1,-7.072083950E-1
1.053794495E1,1.773442268E0,1.200543880E0,-2.422772944E-1
1.055684245E1,2.762403965E0,2.504168272E0,7.780666649E-2
1.057574000E1,2.354357958E0,2.374668837E0,6.742226332E-2
1.059463750E1,4.918083847E-1,1.375246286E0,-3.642176837E-2
1.061353506E1,-8.349518180E-1,8.847358823E-1,-2.123457789E-1
1.063243261E1,-1.321797132E0,1.229864597E0,-3.174115121E-1
1.065133011E1,-9.021450281E-1,2.065579891E0,-2.844257653E-1
1.067022766E1,-1.440836042E-1,2.177975893E0,-1.573695242E-1
1.068912485E1,5.438067913E-1,1.524903774E0,-9.323056042E-2
1.070802271E1,1.064248681E0,8.596911430E-1,3.260397166E-2
1.072692021E1,1.419150949E0,6.672742963E-1,2.549523711E-1
1.074581776E1,1.584079623E0,7.240830660E-1,4.247679114E-1
1.076471532E1,1.455190897E0,7.527928948E-1,4.553102851E-1
1.078361282E1,8.443436027E-1,5.139515996E-1,3.123720288E-1
1.080251037E1,-1.074327603E-1,4.632512927E-1,1.694337577E-1
1.082140787E1,-7.530983090E-1,7.540146112E-1,-3.764346242E-2
1.084030542E1,-8.807653785E-1,7.906654477E-1,-2.856474519E-1
1.085920292E1,-6.730773449E-1,5.292227864E-1,-3.314609826E-1
1.087810047E1,-2.137201875E-1,1.792073101E-1,-2.196759433E-1
1.089699802E1,2.596864402E-1,-2.263952643E-1,-1.714190096E-1
1.091589552E1,3.910185993E-1,-7.938723564E-1,-4.621823132E-1
1.093479308E1,1.503447890E-1,-1.289956689E0,-9.295567870E-1
1.095369058E1,-3.236726820E-1,-1.616760015E0,-1.225817680E0
1.097258813E1,-1.122050047E0,-1.996096134E0,-1.324774981E0
1.099148563E1,-2.082912683E0,-2.274642467E0,-1.132968903E0
1.101038318E1,-2.678565264E0,-2.222109556E0,-8.238802552E-1
1.102928073E1,-2.930234194E0,-1.442057610E0,-6.754443645E-1
1.104817823E1,-2.976047754E0,-6.051205397E-1,-7.401941419E-1
1.106707578E1,-2.560671806E0,-9.068791270E-1,-7.450809479E-1
1.108597329E1,-1.920427442E0,-2.115822077E0,-6.198572516E-1
1.110487084E1,-1.575298667E0,-3.160981894E0,-4.377484024E-1
1.112376839E1,-1.302250028E0,-3.512218952E0,-2.166217119E-1
1.114266589E1,-7.958576083E-1,-3.213514805E0,-1.451525837E-1
1.116156344E1,-4.519506097E-1,-2.740718842E0,-3.925457299E-1
1.118046099E1,-2.418191582E-1,-2.834789515E0,-9.026795626E-1
1.119935849E1,7.215633243E-2,-3.068133116E0,-1.250251651E0
1.121825605E1,4.429406226E-1,-3.064467907E0,-1.261857748E0
1.123715355E1,7.337802649E-1,-2.409028769E0,-1.070662498E0
1.125605110E1,1.048977494E0,-1.377307892E0,-7.841751575E-1
1.127494860E1,1.446639061E0,-4.218663871E-1,-5.354839563E-1
1.129384615E1,1.932262540E0,3.667374253E-1,-3.699443638E-1
1.131274370E1,2.205311298E0,1.361196756E0,-1.756949425E-1
1.133164120E1,2.406890869E0,2.210350752E0,1.834832430E-1
1.135053875E1,2.113073349E0,1.826738715E0,6.220715642E-1
1.136943631E1,1.017824292E0,-2.697654068E-1,8.468633890E-1
1.138833381E1,1.937149316E-1,-8.610655665E-1,7.424085140E-1
1.140723136E1,-5.331932902E-1,-2.398339063E-1,2.525089979E-1
1.142612886E1,-7.078956366E-1,7.741725445E-1,6.587224007E-1
1.144502641E1,6.665870547E-2,1.755269647E0,2.016025066E0
1.146392396E1,-7.261446863E-2,1.803526521E0,2.030074596E0
1.148282146E1,-3.193967640E-1,1.479701161E0,1.559722066E0
1.150171901E1,-6.223006546E-2,8.175426722E-1,6.568898559E-1
1.152061657E1,4.802022874E-1,1.541625708E-1,-1.769166440E-1
1.153951407E1,8.938222528E-1,1.498866528E-1,-2.392230630E-1
1.155841162E1,1.214517117E0,8.452598751E-2,2.329618782E-1
1.157730912E1,1.745343328E0,-1.005607322E-1,3.514662385E-1
1.159620667E1,2.204700470E0,4.021665752E-1,5.520532280E-2
1.161510422E1,2.658560038E0,1.455878139E0,-1.781383306E-1
1.163400172E1,3.194960117E0,2.463852406E0,-2.111240774E-1
1.165289928E1,2.456369638E0,1.333097816E0,-1.500393599E-1
1.167179678E1,3.965162337E-1,2.195232362E-1,9.246700257E-2
1.169069433E1,-6.260420680E-1,1.135794163E0,-5.657972768E-2
1.170959188E1,-7.433247566E-1,1.667918444E0,-3.351260722E-1
1.172848938E1,-4.226299524E-1,1.626991630E0,-4.408026636E-1
1.174738693E1,-4.940227047E-2,1.187716126E0,-2.569376230E-1
1.176628448E1,2.847311795E-1,6.953732371E-1,5.887040496E-2
1.178518198E1,7.417212725E-1,4.039991200E-1,2.952682972E-1
1.180407954E1,1.126555085E0,4.779116213E-1,4.070533514E-1
1.182297709E1,1.268271565E0,6.440621018E-1,4.394282401E-1
1.184187459E1,1.207797766E0,7.643989921E-1,4.235462248E-1
1.186077214E1,8.272398710E-1,6.287909150E-1,3.471903205E-1
1.187966964E1,1.558424085E-1,6.239041090E-1,2.421245873E-1
1.189856719E1,-4.036936760E-1,7.595121861E-1,8.574768156E-2
1.191746474E1,-5.747309327E-1,5.756471753E-1,-1.714190096E-1
1.193636224E1,-3.939201236E-1,4.516451955E-1,-3.681118190E-1
1.195525980E1,8.620581776E-2,5.115082264E-1,-3.241308331E-1
1.197415730E1,6.091674566E-1,3.013767600E-1,-1.408766508E-1
1.199305485E1,8.296833038E-1,-1.885227412E-1,-2.434989959E-1
1.201195240E1,7.893673778E-1,-5.580853224E-1,-4.200338423E-1
1.203084990E1,5.340332389E-1,-7.407286763E-1,-5.574744940E-1
1.204974745E1,-1.074327603E-1,-8.720608354E-1,-6.534538269E-1
1.206864495E1,-1.027368784E0,-1.279572248E0,-7.120952010E-1
1.208754250E1,-1.865451217E0,-1.708997965E0,-8.532009125E-1
1.210644006E1,-2.371919870E0,-1.835443258E0,-1.061499834E0
1.212533756E1,-2.562504292E0,-1.769471765E0,-1.120751977E0
1.214423511E1,-2.474542141E0,-1.717549801E0,-9.955283403E-1
1.216313266E1,-2.162933826E0,-1.475654244E0,-7.249229550E-1
1.218203016E1,-1.813529134E0,-1.305227876E0,-5.214344859E-1
1.220092771E1,-1.644935369E0,-1.531241417E0,-4.304182529E-1
1.221982521E1,-1.674255967E0,-1.854379535E0,-3.571165800E-1
1.223872276E1,-1.631496668E0,-2.124984980E0,-3.058054149E-1
1.225762032E1,-1.280870318E0,-2.544636965E0,-3.907131851E-1
1.227651782E1,-8.581640720E-1,-2.498212576E0,-5.574744940E-1
1.229541537E1,-4.568373859E-1,-2.522035599E0,-7.463026643E-1
1.231431292E1,-4.023956135E-2,-2.721171856E0,-8.953493834E-1
1.233321042E1,2.767901719E-1,-2.579455376E0,-1.064554095E0
1.235210797E1,4.545467198E-1,-2.154305458E0,-1.173895717E0
1.237100553E1,6.226060390E-1,-1.542847514E0,-1.114032745E0
1.238990302E1,9.084826112E-1,-9.135984182E-1,-9.014578462E-1
1.240880058E1,1.171757698E0,-1.860793531E-1,-6.093965173E-1
1.242769813E1,1.273158431E0,4.699706137E-1,-3.736094534E-1
1.244659563E1,1.358677030E0,9.378796220E-1,-2.557159364E-1
1.246549318E1,1.513832211E0,1.230475426E0,-1.054475084E-1
1.248439073E1,1.715411782E0,1.343482137E0,1.553842723E-1
1.250328823E1,1.604848504E0,1.064324975E0,3.618506491E-1
1.252218579E1,9.249754548E-1,1.388913989E-1,4.650838375E-1
1.254108334E1,5.163186193E-1,-6.411605477E-1,5.182275176E-1
1.255998084E1,3.109976053E-1,-2.801498175E-1,3.960580826E-1
1.257887839E1,1.229330152E-2,-1.121668294E-1,2.494547516E-1
1.259777594E1,-3.810923398E-1,-2.129566222E-1,5.359421372E-1
1.261667344E1,-9.247463942E-1,-8.702282906E-1,1.614927500E-1
1.263557099E1,-5.454102755E-1,-5.122717619E-1,-3.693335354E-1
1.265446855E1,1.417929232E-1,9.592592716E-1,-6.635328382E-2
1.267336605E1,5.340332389E-1,2.181030035E0,4.803550243E-1
1.269226360E1,5.297572613E-1,3.232909203E0,1.335541129E0
1.271116115E1,2.865637243E-1,4.169948578E0,2.372225285E0
1.273005865E1,9.109259397E-2,4.671530724E0,3.088749170E0
1.274895620E1,6.299362332E-2,2.180419207E0,2.556090355E0
1.276785375E1,2.743467689E-1,-1.038211226E0,1.107924208E-1
1.278675125E1,8.412894011E-1,-9.282587767E-1,-9.301676750E-1
1.280564881E1,1.481457353E0,1.834832430E-1,-3.925457299E-1
1.282454636E1,2.538833857E0,1.843231559E0,1.889808774E-1
1.284344386E1,2.668333530E0,3.068591118E0,2.525089979E-1
1.286234141E1,1.358677030E0,2.431477547E0,-2.703762650E-1
1.288123896E1,-5.734328553E-2,8.725189567E-1,-5.214344859E-1
1.290013651E1,-4.953207672E-1,1.048442960E0,-3.888806403E-1
1.291903401E1,-1.098761484E-1,2.083294630E0,-2.276169658E-1
1.293793157E1,3.390965760E-1,2.159650564E0,-1.237729266E-1
1.295682912E1,6.329904795E-1,1.343482137E0,4.237752780E-2
1.297572662E1,5.987830162E-1,4.406499267E-1,3.160370886E-1
1.299462417E1,4.771480560E-1,1.969218850E-1,3.630723357E-1
1.301352172E1,4.484382570E-1,3.759001195E-1,3.691807985E-1
1.303241922E1,6.281036735E-1,6.678851247E-1,3.795652092E-1
1.305131678E1,7.124006152E-1,7.460735440E-1,3.154262602E-1
1.307021433E1,3.946836889E-1,5.609868765E-1,2.781645656E-1
1.308911183E1,2.519744914E-3,5.744255185E-1,1.596602052E-1
1.310800938E1,-3.242835402E-1,5.438831449E-1,-2.542651631E-2
1.312690693E1,-4.195757210E-1,8.758022636E-2,-3.583382666E-1
1.314580443E1,-1.782910377E-1,-2.178433985E-1,-5.250995755E-1
1.316470198E1,2.877854109E-1,-4.524087608E-1,-5.043307543E-1
1.318359954E1,5.456393361E-1,-6.319978237E-1,-7.811209559E-1
1.320249709E1,3.818559051E-1,-8.384642005E-1,-1.039509296E0
1.322139459E1,-2.619007602E-2,-1.140909910E0,-1.115865231E0
1.324029214E1,-9.296332002E-1,-1.795127392E0,-1.027903199E0
1.325918969E1,-2.047483683E0,-2.483552217E0,-9.026795626E-1
1.327808719E1,-2.893583536E0,-2.387038469E0,-7.212579250E-1
1.329698474E1,-3.184957504E0,-1.476875901E0,-7.383615971E-1
1.331588230E1,-3.086000443E0,-5.709131360E-1,-8.806890249E-1
1.333477980E1,-2.693225622E0,-6.515449286E-1,-8.373188972E-1
1.335367735E1,-2.134834766E0,-1.686396599E0,-6.026771665E-1
1.337257490E1,-1.831243753E0,-2.474389553E0,-3.821613193E-1
1.339147240E1,-1.606451988E0,-2.730945349E0,-2.777064443E-1
1.341036995E1,-1.363945603E0,-2.542193651E0,-3.442887962E-1
1.342926750E1,-9.601755142E-1,-2.563573122E0,-4.676799178E-1
1.344816500E1,-3.584909737E-1,-2.960013151E0,-6.112290621E-1
1.346706256E1,1.588966399E-1,-3.244057178E0,-9.081771374E-1
1.348596011E1,4.789806008E-1,-3.136548042E0,-1.164122105E0
1.350485761E1,7.007945180E-1,-2.602056503E0,-1.153126955E0
1.352375516E1,9.017632604E-1,-1.863542318E0,-8.715263009E-1
1.354265271E1,1.101510286E0,-1.147629261E0,-5.305972099E-1
1.356155021E1,1.320193648E0,-3.919348717E-1,-3.381803036E-1
1.358044776E1,1.490620017E0,6.171848178E-1,-2.715979517E-1
1.359934532E1,1.582247138E0,1.544450879E0,-1.329356283E-1
1.361824282E1,1.675095916E0,2.256775141E0,4.237752780E-2
1.363714037E1,1.858350039E0,2.722851753E0,2.237991691E-1
1.365603792E1,1.502226114E0,2.279987335E0,2.683910131E-1
1.367493542E1,4.209501147E-1,4.375956953E-1,2.494547516E-1
1.369383297E1,-2.435753495E-2,-6.680378318E-1,2.231883109E-1
1.371273053E1,1.718007959E-2,1.199551299E-1,-1.048366576E-1
1.373162803E1,2.352525443E-1,8.053257465E-1,-1.854684949E-1
1.375052558E1,2.413610220E-1,6.403970122E-1,6.287909150E-1
1.376942313E1,-6.730773449E-1,8.819106966E-2,9.855256677E-1
1.378832063E1,-1.000491500E0,-5.535803363E-2,7.124769688E-1
1.380721818E1,-7.280535698E-1,3.881170750E-1,5.457156897E-1
1.382611573E1,-4.757736623E-1,1.256741881E0,5.597651601E-1
1.384501323E1,-2.680855989E-1,2.606179714E0,1.054551482E0
1.386391079E1,-7.933378965E-2,3.678827524E0,1.981817603E0
1.388280834E1,4.222481698E-2,2.865179062E0,2.402767658E0
1.390170584E1,3.910185993E-1,-6.851415634E-1,5.756471753E-1
1.392060339E1,1.036760569E0,-3.351260722E-1,-6.748335361E-1
1.393950094E1,1.658603072E0,1.146789432E0,-2.031830698E-1
1.395839844E1,2.806995869E0,2.688033342E0,4.247679114E-1
1.397729599E1,3.306134462E0,3.254288673E0,6.061895490E-1
1.399619355E1,1.709303379E0,1.699071646E0,9.796462953E-2
1.401509105E1,-1.184280142E-1,3.288649023E-1,-3.613924980E-1
1.403398860E1,-9.699490666E-1,2.152473032E-1,-3.119138777E-1
1.405288615E1,-7.030088305E-1,1.328821898E0,-2.367796749E-1
1.407178370E1,1.014770046E-1,2.093678951E0,-2.428881377E-1
1.409068120E1,6.525375843E-1,1.656923175E0,-1.500393599E-1
1.410957875E1,7.991409302E-1,5.426614285E-1,1.333937645E-1
1.412847631E1,6.995728016E-1,-3.675009906E-1,2.176906914E-1
1.414737381E1,2.560213506E-1,-7.639408708E-1,-4.314108938E-2
1.416627136E1,-3.419981003E-1,-7.205706835E-1,-3.045837283E-1
1.418516891E1,-5.857261419E-1,-8.103652596E-1,-5.550310612E-1
1.420406641E1,-4.470638335E-1,-1.072418690E0,-6.467345357E-1
1.422296396E1,-6.486434340E-1,-1.080359697E0,-7.847860456E-1
1.424186151E1,-1.771380663E0,-9.544488043E-3,-1.154348612E0
1.426075901E1,-1.294919848E0,2.152473032E-1,-1.161678791E0
1.427965657E1,-1.004156590E0,-1.882478595E0,-9.912523627E-1
1.429855412E1,-1.272318482E0,-3.931947470E0,-6.461237073E-1
1.431745162E1,-1.120217562E0,-4.032737255E0,-2.154000103E-1
1.433634917E1,-1.020038605E0,-2.644205093E0,5.031854287E-2
1.435524672E1,-1.006599903E0,-1.671736240E0,-9.078717232E-2
1.437414428E1,-7.469898462E-1,-1.825058937E0,-4.750100970E-1
1.439304178E1,-5.160895586E-1,-1.950282574E0,-6.901046634E-1
1.441193933E1,-4.568373859E-1,-2.008924007E0,-7.230904698E-1
1.443083688E1,-5.502970219E-1,-2.044963837E0,-6.449019909E-1
1.444973438E1,-4.824929833E-1,-2.102994442E0,-5.929036140E-1
1.446863193E1,-4.199574701E-3,-2.317401886E0,-6.491779089E-1
1.448752948E1,7.130114436E-1,-2.664973974E0,-5.617504120E-1
1.450642698E1,9.665130973E-1,-2.804857969E0,-3.320718408E-1
1.452532454E1,8.699992299E-1,-2.498212576E0,-3.601708114E-1
1.454422209E1,8.809944391E-1,-1.704722047E0,-5.299863815E-1
1.456311959E1,1.091125965E0,-7.291225791E-1,-4.456894398E-1
1.458201714E1,1.474738002E0,-9.200886637E-2,-8.528954536E-2
1.460091469E1,1.767333865E0,4.253787696E-1,1.627144367E-1
1.461981224E1,1.921267390E0,7.344674468E-1,2.720561028E-1
1.463870974E1,1.920045614E0,7.033142447E-1,3.178696334E-1
1.465760730E1,1.857739210E0,6.397861242E-1,4.351523221E-1
1.467650485E1,1.903552771E0,7.320240736E-1,6.501705647E-1
1.469540235E1,1.825975180E0,3.319191337E-1,9.128348827E-1
1.471429990E1,1.050199151E0,-9.386431575E-1,8.157101870E-1
1.473319745E1,-3.310028613E-1,-1.823837161E0,3.276431859E-1
1.475209500E1,-1.302860856E0,-1.383416295E0,2.604500055E-1
1.477099250E1,-1.083566666E0,-3.998758793E-1,5.811448097E-1
1.478989006E1,-2.955737114E-1,-4.310291111E-1,5.090648532E-1
1.480878761E1,5.969504714E-1,-1.390135646E0,6.742226332E-2
1.482768511E1,1.107007980E0,-6.002337933E-1,-5.474718660E-2
1.484658266E1,1.044090629E0,1.016678929E0,-3.520007432E-2
1.486548021E1,9.469659925E-1,1.421059847E0,-6.085565686E-2
1.488437771E1,8.669449687E-1,9.867473841E-1,2.201340795E-1
1.490327526E1,5.548020005E-1,8.596911430E-1,4.253787696E-1
1.492217282E1,2.816769481E-1,8.743515015E-1,6.306234598E-1
1.494107032E1,1.088071689E-1,9.580375552E-1,5.420506001E-1
1.495996787E1,8.926005661E-2,7.362999916E-1,2.812187970E-1
1.497886542E1,6.421531737E-2,3.679591119E-1,1.022405624E-1
1.499776297E1,3.629196286E-1,-6.818582863E-2,-4.069769755E-2
1.501666047E1,8.388460279E-1,-4.212555289E-1,-2.899233699E-1
1.503555802E1,1.278656006E0,-2.972535491E-1,-5.348731279E-1
1.505445558E1,1.518718958E0,2.543415129E-1,-6.204680800E-1
1.507335308E1,1.869345307E0,7.216396928E-1,-3.503972590E-1
1.509225063E1,2.400171518E0,7.485169768E-1,1.511083394E-1
1.511114818E1,2.262731075E0,7.662315369E-1,1.578276604E-1
1.513004568E1,1.111283898E0,-1.689756215E-1,-9.323056042E-2
1.514894323E1,-8.544225991E-2,-8.427401781E-1,-7.857023180E-2
1.516784079E1,-3.218401372E-1,-3.650575876E-1,6.497887522E-2
1.518673834E1,-8.727480471E-2,4.492017925E-1,1.309503764E-1
1.520563584E1,1.479013860E-1,4.125509560E-1,1.333937645E-1
1.522453339E1,3.641413152E-1,1.712663025E-1,9.552124143E-2
1.524343094E1,5.419742465E-1,1.694337577E-1,8.941277117E-2
1.526232844E1,6.562026739E-1,1.602710485E-1,1.608818918E-1
1.528122599E1,6.922426820E-1,-2.848075330E-2,2.677801549E-1
1.530012355E1,6.769714952E-1,-2.544942498E-1,1.853157878E-1
1.531902105E1,6.164975762E-1,-3.442887962E-1,1.122431830E-2
1.533791860E1,6.067240238E-1,-4.334724844E-1,-9.384141117E-2
1.535681615E1,5.847335458E-1,-5.611395836E-1,-9.811734408E-2
1.537571365E1,5.389199853E-1,-5.654155016E-1,-2.053973824E-2
1.539461120E1,5.425850749E-1,-4.835619628E-1,4.504998680E-3
1.541350875E1,5.346440673E-1,-4.481328130E-1,8.780929260E-3
1.543240631E1,4.887541533E-1,-5.935144424E-1,3.199312463E-2
1.545130381E1,4.197284281E-1,-8.696174026E-1,5.154023692E-2
1.547020136E1,3.348206580E-1,-1.005225539E0,9.429954737E-2
1.548909891E1,3.128301501E-1,-8.372425437E-1,6.375718117E-2
1.550799641E1,3.818559051E-1,-4.780643284E-1,-2.825168660E-3
1.552689396E1,3.965162337E-1,-3.687226772E-1,-9.933903813E-2
1.554579151E1,2.792335451E-1,-7.040778399E-1,1.427855436E-2
1.556468901E1,1.680593491E-1,-1.145796776E0,1.920351088E-1
1.558358657E1,6.421531737E-2,-1.349208832E0,2.683910131E-1
1.560248412E1,-1.294232607E-1,-1.380972981E0,2.799971104E-1
1.562138162E1,-3.731513321E-1,-1.426175594E0,1.779856235E-1
1.564027917E1,-6.400915980E-1,-1.632031202E0,6.253548712E-2
1.565917672E1,-7.579851151E-1,-1.964332104E0,-1.382041909E-2
1.567807428E1,-7.188908458E-1,-2.360771894E0,-2.612135708E-1
1.569697178E1,-5.851153135E-1,-2.501266718E0,-5.116609335E-1
1.571586933E1,-6.290963292E-1,-2.307628155E0,-5.379273891E-1
1.573476688E1,-7.958576083E-1,-1.638139606E0,-4.456894398E-1
1.575366438E1,-5.447993875E-1,-1.540404081E0,-4.786751866E-1
1.577256193E1,-3.664320111E-1,-1.409071922E0,-4.127036929E-1
1.579145948E1,-4.287384152E-1,-2.984752357E-1,-2.874799967E-1
1.581035698E1,-1.214822456E-1,-5.291464552E-2,-9.445225447E-2
1.582925454E1,2.957264185E-1,-5.593070388E-1,-1.488176584E-1
1.584815209E1,4.856999218E-1,-8.189170957E-1,-3.174115121E-1
1.586704964E1,7.447755337E-1,-1.194664478E0,-3.009186387E-1
1.588594714E1,1.057529330E0,-6.570425630E-1,-3.784962296E-1
1.590484469E1,1.967080832E0,-6.576534510E-1,-2.752630413E-1
1.592374224E1,2.785616159E0,-1.909966707E0,-1.469851285E-1
1.594263974E1,3.541310549E0,-1.817728758E0,7.169819623E-2
1.596153730E1,3.975623131E0,-1.501309872E0,5.353312492E-1
1.598043485E1,4.299983025E0,-9.838458896E-1,9.543724656E-1
1.599933235E1,4.041594505E0,3.374167681E-1,1.372192025E0
1.601822990E1,3.064773321E0,9.910233021E-1,1.473592639E0
1.603712745E1,2.278613091E0,3.899496198E-1,1.279343247E0
1.605602500E1,2.210198164E0,-7.706601620E-1,1.086926341E0
1.607492250E1,2.632293463E0,-6.576534510E-1,1.217036843E0
1.609382006E1,3.378825188E0,8.330429345E-2,1.521238685E0
1.611271761E1,3.701963425E0,7.607339025E-1,1.461986542E0
1.613161516E1,3.693411589E0,1.528568864E0,9.201650620E-1
1.615051266E1,3.478393316E0,1.359364271E0,1.871483326E-1
1.616941021E1,2.990860939E0,2.604500055E-1,-2.697654068E-1
1.618830776E1,2.342141151E0,-5.153260231E-1,-3.153498843E-2
1.620720526E1,1.774053097E0,-2.502183020E-1,4.528668821E-1
1.622610282E1,1.176644564E0,1.981435865E-1,6.055787206E-1
1.624500037E1,3.812450469E-1,1.908134073E-1,5.725929737E-1
1.626389787E1,-5.728983879E-1,-1.854684949E-1,4.956261814E-1
1.628279542E1,-1.434193015E0,-5.568636060E-1,3.215347230E-1
1.630169297E1,-1.973571181E0,-6.869741082E-1,3.687990457E-2
1.632059052E1,-2.078026056E0,-3.642176837E-2,-4.951680601E-1
1.633948802E1,-1.814750910E0,8.816816807E-1,-1.210546613E0
1.635838558E1,-1.438468933E0,9.794172049E-1,-1.688839912E0
1.637728313E1,-1.126325965E0,-7.490514219E-2,-1.839719176E0
1.639618063E1,-1.004767418E0,-1.253916740E0,-1.983879209E0
1.641507818E1,-1.032255530E0,3.551313281E-1,-2.581898689E0
1.643397573E1,-9.595646858E-1,2.829138994E0,-3.080960751E0
1.645287323E1,-6.987329125E-1,3.154720783E0,-2.923362255E0
1.647177078E1,-2.076117098E-1,1.846285820E0,-2.479276419E0
1.649066834E1,5.480827093E-1,3.325299621E-1,-2.398644447E0
1.650956589E1,1.284153700E0,2.344126441E-2,-2.865942717E0
1.652846339E1,1.598129153E0,1.628213406E0,-3.244668007E0
1.654736094E1,1.447860718E0,2.719186544E0,-3.206795454E0
1.656625849E1,1.347681761E0,2.617175102E0,-3.085847616E0
1.658515605E1,1.557202339E0,2.567696571E0,-2.971619129E0
1.660405355E1,1.954253078E0,2.678259850E0,-2.947796106E0
1.662295110E1,2.452093601E0,2.274489880E0,-3.087680101E0
1.664184865E1,2.876632452E0,1.669750929E0,-2.970397472E0
1.666074615E1,3.156400442E0,1.369748592E0,-2.481108904E0
1.667964370E1,3.267651081E0,1.817576051E0,-1.943563223E0
1.669854125E1,3.269483566E0,2.738733768E0,-1.515970230E0
1.671743875E1,3.232832670E0,3.076532125E0,-1.167787194E0
1.673633631E1,2.972535372E0,2.494394779E0,-7.127060294E-1
1.675523386E1,2.565100431E0,1.757102132E0,-2.502183020E-1
1.677413141E1,2.205311298E0,1.432665944E0,1.175117418E-1
1.679302891E1,1.799097896E0,9.867473841E-1,3.319191337E-1
1.681192646E1,1.342184186E0,2.610608339E-1,1.914242655E-1
1.683082401E1,8.742751479E-1,-2.380013615E-1,-2.606027126E-1
1.684972151E1,5.431959033E-1,2.744994760E-1,-7.151494026E-1
1.686861907E1,4.423297644E-1,1.616607308E0,-8.434273601E-1
1.688751662E1,2.364742458E-1,1.842620730E0,-5.312080383E-1
1.690641417E1,-1.465269923E-1,4.754682481E-1,-2.542651631E-2
1.692531167E1,-4.293492734E-1,-7.162947655E-1,7.320240736E-1
1.694420922E1,-4.275167286E-1,-7.669950724E-1,1.629969597E0
1.696310678E1,-5.184566230E-2,1.908134073E-1,2.000753880E0
1.698200428E1,1.212073684E0,1.898818731E0,5.579326153E-1
1.700090183E1,1.461910248E0,9.164999723E-1,-3.241308331E-1
1.701979938E1,1.626228094E0,1.498866528E-1,-4.322507977E-1
1.703869688E1,1.527881742E0,-8.769475818E-1,-2.844257653E-1
1.705759443E1,1.377613306E0,-1.639361382E0,-1.701973230E-1
1.707649198E1,1.141215444E0,-1.785964727E0,-3.980433345E-1
1.709538948E1,8.205205798E-1,-1.460993886E0,-7.853968740E-1
1.711428704E1,5.841227174E-1,-8.977164030E-1,-1.291789293E0
1.713318459E1,5.322006941E-1,-2.166217119E-1,-1.959445238E0
1.715208214E1,5.847335458E-1,4.094967246E-1,-2.792640924E0
1.717097964E1,7.545490861E-1,6.190173626E-1,-3.267880201E0
1.718987719E1,9.976662993E-1,6.733827591E-1,-3.423111677E0
1.720877474E1,1.320193648E0,9.018396139E-1,-3.327819586E0
1.722767224E1,1.755116940E0,7.698966265E-1,-2.974062681E0
1.724656980E1,1.789324284E0,3.209238648E-1,-2.757822752E0
1.726546735E1,1.533379316E0,-4.680617154E-2,-2.653978586E0
1.728436485E1,1.463131905E0,2.983225286E-1,-2.605721712E0
1.730326240E1,1.481457353E0,8.041040897E-1,-2.597780704E0
1.732215995E1,1.442363143E0,7.008708715E-1,-2.231883287E0
1.734105745E1,1.215127945E0,-8.322793990E-3,-1.699835181E0
1.735995500E1,1.047144890E0,-4.255314767E-1,-1.169008970E0
1.737885256E1,1.053864241E0,-5.183802843E-1,-5.782433152E-1
1.739775011E1,1.140604496E0,-3.595599532E-1,-3.458922729E-2
1.741664761E1,1.176033735E0,-3.448996246E-1,3.740676045E-1
1.743554516E1,1.017213345E0,-3.888806403E-1,5.634302497E-1
1.745444271E1,7.026270628E-1,-2.581593096E-1,5.011238456E-1
1.747334021E1,4.759263694E-1,-1.329356283E-1,3.319191337E-1
1.749223776E1,5.340332389E-1,-3.003077805E-1,2.488439083E-1
1.751113532E1,6.610894203E-1,-4.817294180E-1,1.932567954E-1
1.753003282E1,7.026270628E-1,-4.860053360E-1,6.009209901E-2
1.754893037E1,7.563816309E-1,-4.493545294E-1,-7.857023180E-2
1.756782792E1,9.145910740E-1,-4.285857081E-1,-1.701973230E-1
1.758672547E1,1.141826272E0,-5.293754935E-1,-3.027511835E-1
1.760562297E1,1.282321095E0,-6.704812050E-1,-6.290199757E-1
1.762452052E1,1.262163162E0,-6.710920930E-1,-8.727480173E-1
1.764341808E1,1.127165914E0,-5.037199259E-1,-9.576557875E-1
1.766231558E1,9.084826112E-1,-2.697654068E-1,-9.802571535E-1
1.768121313E1,7.038487792E-1,-9.261971712E-2,-8.965710402E-1
1.770011068E1,6.409314871E-1,-5.413633958E-2,-6.369609833E-1
1.771900818E1,6.164975762E-1,-8.956547827E-2,-2.905342281E-1
1.773790573E1,5.755708218E-1,-1.030041203E-1,-5.352549255E-2
1.775680328E1,4.960843325E-1,-1.023932695E-1,4.970769584E-2
1.777570084E1,4.343887568E-1,-6.635328382E-2,1.248419061E-1
1.779459834E1,3.794125021E-1,-1.011715755E-1,2.115822136E-1
1.781349589E1,3.311555684E-1,-1.390441060E-1,2.268534005E-1
1.783239344E1,3.244362473E-1,-1.561478376E-1,1.920351088E-1
1.785129099E1,3.488701284E-1,-1.897444278E-1,1.462215632E-1
1.787018849E1,3.751365840E-1,-2.508291602E-1,1.156791970E-1
1.788908605E1,3.653630316E-1,-3.332935274E-1,1.077381819E-1
1.790798360E1,3.555894494E-1,-3.968216479E-1,1.181225851E-1
1.792688110E1,3.671955466E-1,-4.078168869E-1,1.101815775E-1
1.794577865E1,3.842992783E-1,-3.791070879E-1,5.398362502E-2
1.796467620E1,3.995704651E-1,-3.662792742E-1,2.290677221E-4
1.798357375E1,4.472165406E-1,-4.133145213E-1,-5.268557463E-3
1.800247125E1,5.395308137E-1,-4.524087608E-1,4.504998680E-3
1.802136881E1,6.183301210E-1,-4.334724844E-1,2.038702741E-2
1.804026636E1,6.103891134E-1,-3.949891031E-1,4.787515476E-2
1.805916386E1,5.529694557E-1,-4.664582312E-1,8.086090535E-2
1.807806141E1,5.340332389E-1,-6.155049801E-1,1.425564736E-1
1.809695896E1,4.973823726E-1,-5.538094044E-1,2.079171389E-1
1.811585646E1,3.824667335E-1,-2.227301747E-1,2.488439083E-1
1.813475401E1,2.731250823E-1,6.803311408E-2,2.482330501E-1
1.815365157E1,2.908396423E-1,1.236202121E-1,2.714452446E-1
1.817254907E1,3.879643679E-1,-3.817795368E-4,3.276431859E-1
1.819144662E1,4.081223309E-1,-4.191939160E-2,2.048628926E-1
1.821034417E1,3.952945471E-1,-7.101099472E-3,1.122431830E-2
1.822924172E1,3.800233603E-1,-3.458922729E-2,-9.506310523E-2
1.824813922E1,3.867426813E-1,-1.072800532E-1,-1.311030984E-1
1.826703678E1,4.258368909E-1,-1.475959718E-1,-1.408766508E-1
1.828593433E1,4.246152043E-1,-1.469851285E-1,-1.384332627E-1
1.830483183E1,3.977379203E-1,-1.109451354E-1,-1.231620759E-1
1.832372938E1,3.665847182E-1,-8.712209016E-2,-1.201078445E-1
1.834262688E1,2.700708508E-1,-5.352549255E-2,-1.188861504E-1
1.836152443E1,6.665870547E-2,1.427855436E-2,-9.200886637E-2
1.838042198E1,-1.776801944E-1,9.674293548E-2,-6.146650389E-2
1.839931954E1,-3.865899444E-1,1.883700192E-1,-4.436278343E-2
1.841821704E1,-5.973322392E-1,2.732777894E-1,-2.664821222E-2
1.843711459E1,-7.445464730E-1,2.726669312E-1,-4.046862945E-3
1.845601214E1,-8.190698028E-1,2.366269529E-1,3.016058356E-2
1.847490964E1,-1.021260262E0,3.361950517E-1,6.009209901E-2
1.849380719E1,-1.441523194E0,5.151733160E-1,8.780929260E-3
1.851270474E1,-2.039542675E0,7.466844320E-1,-8.406785131E-2
1.853160224E1,-2.527075052E0,8.157101870E-1,-1.677539349E-1
1.855049980E1,-2.679176092E0,6.458946466E-1,-2.428881377E-1
1.856939735E1,-2.497754335E0,5.383855104E-1,-2.270061076E-1
1.858829485E1,-2.250972033E0,5.078431368E-1,-1.585912257E-1
1.860719240E1,-2.147051811E0,4.174377322E-1,-1.176644564E-1
1.862608995E1,-2.194163322E0,4.882960320E-1,-1.414874941E-1
1.864498750E1,-2.318165302E0,6.959841251E-1,-2.074590027E-1
1.866388500E1,-2.271130085E0,7.931088209E-1,-2.080698460E-1
1.868278256E1,-1.958299994E0,6.294017434E-1,-1.445417255E-1
1.870168011E1,-1.633940101E0,4.156052172E-1,-3.436015919E-3
1.872057761E1,-1.511159778E0,3.178696334E-1,7.169819623E-2
1.873947516E1,-1.556362510E0,3.337516785E-1,2.588465251E-2
1.875837271E1,-1.533761144E0,3.459686041E-1,-1.091125906E-1
1.877727021E1,-1.382270932E0,2.738886476E-1,-2.233410329E-1
1.879616776E1,-1.158700943E0,1.370588541E-1,-1.604237556E-1
1.881506526E1,-9.302440286E-1,8.452598751E-2,1.305686031E-2
1.883396282E1,-8.325084448E-1,3.810159862E-2,1.449998617E-1
1.885286037E1,-8.862630129E-1,-4.619532451E-2,1.504974961E-1
1.887175792E1,-1.009654164E0,-3.214583546E-2,7.536327839E-2
1.889065542E1,-1.107389688E0,3.443651274E-2,3.382566571E-2
1.890955297E1,-1.102502942E0,-9.933903813E-2,8.208259940E-2
1.892845053E1,-9.522345066E-1,-3.387911618E-1,1.346154660E-1
1.894734802E1,-7.665369511E-1,-4.921138287E-1,-6.452073902E-2
1.896624558E1,-8.526664376E-1,-3.925457299E-1,-4.664582312E-1
1.898514308E1,-1.163587689E0,1.488940232E-2,-7.285880446E-1
1.900404063E1,-1.432360411E0,2.061609412E-3,-9.680401683E-1
1.902293818E1,-1.461070299E0,-2.270061076E-1,-9.820896983E-1
1.904183573E1,-1.205736160E0,-1.256054640E-1,-7.200362086E-1
1.906073323E1,-9.901070595E-1,-6.940752268E-2,-3.241308331E-1
1.907963079E1,-7.934142351E-1,-1.879118830E-1,1.456107199E-1
1.909852834E1,-4.562265575E-1,-2.844257653E-1,4.608078897E-1
1.911742584E1,-6.956022978E-2,-2.263952643E-1,5.420506001E-1
1.913632339E1,2.224247605E-1,-2.214321401E-3,4.980695844E-1
1.915522094E1,3.036674559E-1,1.529408842E-1,1.981435865E-1
1.917411844E1,2.627406716E-1,1.743205339E-1,-1.952420622E-1
1.919301599E1,1.668376625E-1,3.321481869E-2,-4.139253795E-1
1.921191355E1,3.122956678E-2,-1.811925620E-1,-4.426352084E-1
1.923081105E1,-2.015032321E-1,-4.157579243E-1,-3.803287745E-1
1.924970860E1,-4.360685945E-1,-5.794649720E-1,-2.428881377E-1
1.926860615E1,-5.331932902E-1,-7.187381387E-1,1.010188684E-1
1.928750365E1,-5.270848274E-1,-3.271850646E-1,5.799230933E-1
1.930640120E1,-4.971533120E-1,4.583645165E-1,7.992172837E-1
1.932529875E1,-5.050943494E-1,3.716242015E-1,7.552362680E-1
1.934419631E1,-4.745519757E-1,2.176906914E-1,5.787014365E-1
1.936309381E1,-3.236726820E-1,1.089598835E-1,3.661265671E-1
1.938199136E1,-5.673243850E-2,4.176668078E-2,1.779856235E-1
1.940088891E1,1.753895134E-1,9.391776286E-3,4.665346071E-2
1.941978641E1,2.621298432E-1,-4.375193641E-2,-2.725905925E-2
1.943868396E1,1.912715435E-1,-1.188861504E-1,-3.886515647E-2
1.945758151E1,4.283566400E-2,-8.834378421E-2,-1.382041909E-2
1.947647901E1,-9.827005118E-2,2.221956849E-2,2.588465251E-2
1.949537657E1,-1.795127392E-1,6.375718117E-2,6.497887522E-2
1.951427412E1,-1.740151197E-1,1.572168171E-1,7.780666649E-2
1.953317167E1,-1.465269923E-1,1.676012129E-1,8.147175610E-2
1.955206917E1,-1.123195365E-1,1.550024934E-2,1.126249656E-1
1.957096672E1,-5.551074445E-2,-6.696412712E-2,1.315612346E-1
1.958986428E1,-2.191414498E-2,-5.657972768E-2,1.199551299E-1
1.960876178E1,-2.130329795E-2,-7.979192585E-2,1.162900478E-1
1.962765933E1,-9.697199799E-3,-8.834378421E-2,1.248419061E-1
1.964655688E1,1.595838554E-2,-6.940752268E-2,1.138466597E-1
1.966545438E1,5.627430230E-2,-3.642176837E-2,1.052947938E-1
1.968435193E1,8.437328041E-2,5.726693198E-3,1.040730998E-1
1.970324948E1,8.254073560E-2,-4.657710437E-3,9.124530852E-2
1.972214698E1,8.620581776E-2,-7.185091078E-2,6.436803192E-2
1.974104454E1,1.118614078E-1,-1.573695242E-1,4.970769584E-2
1.975994172E1,1.448471546E-1,-1.665322334E-1,5.337277800E-2
1.977883959E1,1.802763045E-1,-1.219403818E-1,4.237752780E-2
1.979773714E1,1.674485058E-1,-2.115058713E-2,8.780929260E-3
1.981663469E1,8.376242965E-2,5.459447205E-2,-9.926267667E-4
1.983553219E1,-1.091889478E-2,1.916533336E-2,3.626905754E-2
1.985442974E1,-3.840702027E-2,-8.223531395E-2,6.192464009E-2
1.987332730E1,-2.374668792E-2,-1.457634270E-1,4.604261369E-2
1.989222485E1,6.795675959E-3,-1.164427623E-1,2.649549954E-2
1.991112235E1,4.955498502E-2,-5.291464552E-2,8.780929260E-3
1.993001990E1,9.170344472E-2,2.672456671E-3,-1.504211407E-2
1.994891745E1,1.466796994E-1,4.504998680E-3,-6.818582863E-2
1.996781495E1,2.010451108E-1,-1.249946207E-1,-1.347681731E-1
1.998671250E1,1.436254680E-1,-2.459423840E-1,-1.433200389E-1
2.000561006E1,1.298050396E-3,-3.216874301E-1,-1.115559787E-1
2.002450756E1,6.872031372E-4,-1.726407111E-1,-9.078717232E-2
2.004340511E1,1.393495351E-1,1.977618039E-2,-1.207186878E-1
2.006230266E1,1.814979911E-1,-1.603474026E-3,-1.054475084E-1
2.008120016E1,5.871769413E-2,-7.307260484E-2,-2.786990628E-2
2.010009735E1,-1.367534250E-1,-1.146102175E-1,-3.031329438E-2
2.011899526E1,-2.326564491E-1,-1.176644564E-1,-3.947600350E-2
2.013789245E1,-1.825669706E-1,-9.933903813E-2,-1.076618303E-2
2.015679032E1,-5.673243850E-2,-7.246175408E-2,-1.015533600E-2
2.017568787E1,5.199837312E-2,-4.924955964E-2,-3.275668249E-2
2.019458537E1,8.254073560E-2,-3.825430945E-2,-4.680617154E-2
2.021348292E1,4.405735806E-2,-8.223531395E-2,-4.986040667E-2
2.023238047E1,-1.641651988E-2,-1.500393599E-1,-4.130854458E-2
2.025127797E1,-7.139277458E-2,-1.989071369E-1,-2.970244735E-2
2.027017553E1,-1.165954694E-1,-2.239518762E-1,-2.909160033E-2
2.028907308E1,-1.501920670E-1,-1.958529055E-1,-4.191939160E-2
2.030797058E1,-1.709608734E-1,-1.744732410E-1,-5.657972768E-2
2.032686813E1,-1.703500301E-1,-2.166217119E-1,-7.307260484E-2
2.034576563E1,-1.343100369E-1,-3.455104828E-1,-1.048366576E-1
2.036466318E1,1.595838554E-2,-5.849626064E-1,-9.750649333E-2
2.038356073E1,1.686701924E-1,-6.991910338E-1,-1.137703005E-2
2.040245828E1,2.187596709E-1,-5.947361588E-1,2.775537372E-1
2.042135579E1,2.163162827E-1,-4.420243502E-1,4.595862031E-1
2.044025334E1,1.814979911E-1,-2.960318625E-1,4.430933297E-1
2.045915084E1,1.564532518E-1,-1.414874941E-1,3.319191337E-1
2.047804839E1,1.906607002E-1,-3.031329438E-2,1.932567954E-1
2.049694594E1,3.140518367E-1,2.038702741E-2,8.758022636E-2
2.051584344E1,4.423297644E-1,1.672194339E-2,8.269345015E-2
2.053474099E1,6.012263894E-1,5.642701685E-2,9.735377878E-2
2.055363855E1,7.374453545E-1,-2.725905925E-2,3.443651274E-2
2.057253605E1,6.055023670E-1,-2.526617050E-1,2.649549954E-2
2.059143360E1,2.248681486E-1,-4.078168869E-1,1.794363745E-2
2.061033115E1,-4.023956135E-2,-3.375694752E-1,-2.227301747E-1
2.062922865E1,-5.062396824E-2,-4.218663871E-1,-4.200338423E-1
2.064812620E1,3.741439432E-3,-4.493545294E-1,-2.642678022E-1
2.066702375E1,8.742751181E-2,-3.455104828E-1,-9.017632902E-2
2.068592125E1,1.582857966E-1,-2.551050782E-1,2.672456671E-3
2.070481881E1,1.705027372E-1,-1.818034202E-1,6.070294604E-2
2.072371636E1,1.417929232E-1,-1.176644564E-1,2.466295846E-2
2.074261386E1,1.081963181E-1,-1.213295385E-1,-7.307260484E-2
2.076151141E1,1.161373332E-1,-2.208976448E-1,-1.341573298E-1
2.078040896E1,1.698918939E-1,-3.503972590E-1,-1.488176584E-1
2.079930646E1,2.364742458E-1,-4.505762160E-1,-1.689756215E-1
2.081820401E1,1.937149316E-1,-5.134934783E-1,-1.170536056E-1
2.083710151E1,5.627430230E-2,-4.517979026E-1,-1.687465608E-2
2.085599907E1,-9.155073017E-2,-3.448996246E-1,5.031854287E-2
2.087489662E1,-2.118876427E-1,-2.850365937E-1,7.719582319E-2
2.089379417E1,-2.607554197E-1,-2.661003470E-1,5.948125198E-2
2.091269167E1,-2.320456058E-1,-2.441098392E-1,-1.603474026E-3
2.093158922E1,-1.819561273E-1,-2.141783237E-1,-3.825430945E-2
2.095048672E1,-1.391968131E-1,-1.940203607E-1,-2.542651631E-2
2.096938428E1,-7.139277458E-2,-1.909661293E-1,7.559234742E-3
2.098828183E1,7.765395939E-2,-2.117349356E-1,2.283041552E-2
2.100717933E1,2.413610220E-1,-2.496074587E-1,1.061347127E-2
2.102607688E1,2.786227167E-1,-1.915769726E-1,-2.053973824E-2
2.104497443E1,-3.596363217E-2,5.948125198E-2,-5.879404955E-3
2.106387193E1,-2.479276359E-1,2.042520493E-1,7.963921130E-2
2.108276948E1,-3.413872719E-1,2.054737508E-1,1.022405624E-1
2.110166704E1,-2.045574784E-1,7.536327839E-2,6.009209901E-2
2.112056454E1,1.191915721E-1,-1.054475084E-1,-4.657710437E-3
2.113946209E1,2.273115367E-1,-1.543152928E-1,1.122431830E-2
